ID	Description	GeneRatio	BgRatio	pvalue	p.adjust	qvalue	geneID	Count	term	set
GO:0048863	stem cell differentiation	39/921	248/18903	8.81713046424632e-11	4.69247683307189e-07	3.9537869239673e-07	BCL2/CDH2/CDK6/CHD2/CITED2/CORO1C/GSK3B/HES1/HMGA2/HNRNPU/ITGB1/JAG1/KITLG/LRP6/MAPK1/MEF2C/MSI2/NFE2L2/NOTCH1/NRP2/PRKDC/PTN/RBPJ/SEMA3A/SEMA3B/SEMA3E/SETD6/SOX10/SOX11/SOX21/SOX6/SOX9/SRF/STAT3/TBX2/TP53/TP63/TWIST1/ZFP36L2	39	GO Biological Process	co_bound_SE_genes
GO:0060485	mesenchyme development	43/921	313/18903	7.90956019677481e-10	2.10473396836178e-06	1.7734066546453e-06	ACTG2/BCL2/BCL9L/BNC2/CDH2/CITED2/CLASP1/CORO1C/DDX17/EPHA3/FUZ/GSK3B/HAS2/HES1/HEY1/HMGA2/JAG1/KITLG/LRP6/MAPK1/MEF2C/MYC/NOTCH1/NRP2/POFUT2/RBPJ/RTN4/SEMA3A/SEMA3B/SEMA3E/SMAD7/SOX10/SOX11/SOX9/SPRED1/SPRED2/SPRY1/SPRY2/TBX2/TWIST1/WWTR1/ZFP36L1/ZFPM2	43	GO Biological Process	co_bound_SE_genes
GO:0048762	mesenchymal cell differentiation	37/921	252/18903	1.91797370051457e-09	3.39426719782747e-06	2.85994150650627e-06	BCL2/BCL9L/CDH2/CITED2/CLASP1/CORO1C/DDX17/EPHA3/FUZ/GSK3B/HAS2/HES1/HEY1/HMGA2/JAG1/KITLG/LRP6/MAPK1/MEF2C/NOTCH1/NRP2/POFUT2/RBPJ/RTN4/SEMA3A/SEMA3B/SEMA3E/SMAD7/SOX10/SOX11/SOX9/SPRED1/SPRED2/SPRY1/SPRY2/TWIST1/WWTR1	37	GO Biological Process	co_bound_SE_genes
GO:0090130	tissue migration	47/921	374/18903	2.55112153162531e-09	3.39426719782747e-06	2.85994150650627e-06	ACTG2/ADAMTS9/ADTRP/ATOH8/BCAR1/BCAS3/BMPER/CLASP1/CORO1C/EFNB2/ETS1/FGF1/GADD45A/HAS2/HDAC9/HSPB1/ID1/IRS2/ITGB1/JUN/KANK1/KITLG/KLF4/MEF2C/NFE2L2/NOTCH1/NRP2/PIK3R3/PPM1F/PRKCA/PTN/PXN/RAB11A/RHOB/RHOJ/RIN2/RTN4/S100A2/SCARB1/SCG2/SOX9/SP1/SPARC/SPRED1/SRF/STARD13/STAT5A	47	GO Biological Process	co_bound_SE_genes
GO:0010631	epithelial cell migration	46/921	366/18903	3.7602873063126e-09	4.00244980883913e-06	3.37238398418772e-06	ADAMTS9/ADTRP/ATOH8/BCAR1/BCAS3/BMPER/CLASP1/CORO1C/EFNB2/ETS1/FGF1/GADD45A/HAS2/HDAC9/HSPB1/ID1/IRS2/ITGB1/JUN/KANK1/KITLG/KLF4/MEF2C/NFE2L2/NOTCH1/NRP2/PIK3R3/PPM1F/PRKCA/PTN/PXN/RAB11A/RHOB/RHOJ/RIN2/RTN4/S100A2/SCARB1/SCG2/SOX9/SP1/SPARC/SPRED1/SRF/STARD13/STAT5A	46	GO Biological Process	co_bound_SE_genes
GO:0090132	epithelium migration	46/921	369/18903	4.8779677750427e-09	4.32675741646287e-06	3.64563907397928e-06	ADAMTS9/ADTRP/ATOH8/BCAR1/BCAS3/BMPER/CLASP1/CORO1C/EFNB2/ETS1/FGF1/GADD45A/HAS2/HDAC9/HSPB1/ID1/IRS2/ITGB1/JUN/KANK1/KITLG/KLF4/MEF2C/NFE2L2/NOTCH1/NRP2/PIK3R3/PPM1F/PRKCA/PTN/PXN/RAB11A/RHOB/RHOJ/RIN2/RTN4/S100A2/SCARB1/SCG2/SOX9/SP1/SPARC/SPRED1/SRF/STARD13/STAT5A	46	GO Biological Process	co_bound_SE_genes
GO:0001667	ameboidal-type cell migration	54/921	492/18903	2.09646683022001e-08	1.47305813846145e-05	1.2411692616242e-05	ADAMTS9/ADTRP/AMOTL1/ATOH8/BCAR1/BCAS3/BMPER/CDH2/CLASP1/CORO1C/EFNB2/ETS1/FGF1/GADD45A/HAS2/HDAC9/HSPB1/ID1/IRS2/ITGB1/JUN/KANK1/KITLG/KLF4/MEF2C/NFE2L2/NOTCH1/NRP2/PIK3R3/PPM1F/PRKCA/PTN/PXN/RAB11A/RHOB/RHOJ/RIN2/RTN4/S100A2/SCARB1/SCG2/SEMA3A/SEMA3B/SEMA3E/SOX10/SOX9/SP1/SPARC/SPRED1/SRF/STARD13/STAT5A/TNS1/TWIST1	54	GO Biological Process	co_bound_SE_genes
GO:0045936	negative regulation of phosphate metabolic process	50/921	440/18903	2.31443966243231e-08	1.47305813846145e-05	1.2411692616242e-05	AJUBA/AKT1S1/CALM1/CALM2/CALM3/CDK5RAP2/CDK5RAP3/CORO1C/DUSP1/DUSP6/DUSP7/ERRFI1/GADD45A/GADD45B/GNAI2/GRB10/GSK3B/HDAC4/HEXIM1/HEXIM2/HNRNPU/HSPB1/INSM1/IRS2/JUN/LGALS3/LPCAT1/LPIN1/LRP6/MIDN/PMEPA1/PPARA/PPM1F/PRKDC/PTPA/PTPN1/SLC27A1/SMAD7/SOCS3/SORL1/SPRED1/SPRED2/SPRY1/SPRY2/SPRY4/STAT3/TP53/TRIB2/WWTR1/YWHAG	50	GO Biological Process	co_bound_SE_genes
GO:0010563	negative regulation of phosphorus metabolic process	50/921	441/18903	2.49107915185139e-08	1.47305813846145e-05	1.2411692616242e-05	AJUBA/AKT1S1/CALM1/CALM2/CALM3/CDK5RAP2/CDK5RAP3/CORO1C/DUSP1/DUSP6/DUSP7/ERRFI1/GADD45A/GADD45B/GNAI2/GRB10/GSK3B/HDAC4/HEXIM1/HEXIM2/HNRNPU/HSPB1/INSM1/IRS2/JUN/LGALS3/LPCAT1/LPIN1/LRP6/MIDN/PMEPA1/PPARA/PPM1F/PRKDC/PTPA/PTPN1/SLC27A1/SMAD7/SOCS3/SORL1/SPRED1/SPRED2/SPRY1/SPRY2/SPRY4/STAT3/TP53/TRIB2/WWTR1/YWHAG	50	GO Biological Process	co_bound_SE_genes
GO:0001701	in utero embryonic development	44/921	393/18903	2.46534407457235e-07	0.000131205611648741	0.000110551218501876	ADAMTS3/ADM/BCL2L11/CAPN2/CEBPB/CITED2/CUL3/DAD1/DBN1/DNAJB6/EMG1/FOSL1/FOXD3/HES1/HEY1/HM13/ITGB1/KLF4/MAFG/MAN2A1/MAPK1/MATR3/MBNL1/MYO1E/NOTCH1/PRDM1/PTCH1/RBPJ/RPL7L1/RTN4/SOCS3/SOX10/SPECC1/SRF/TBL1XR1/TP53/TTLL4/TWIST1/UNK/WDR74/WNT7B/ZFP36L1/ZFPM2/ZNF335	44	GO Biological Process	co_bound_SE_genes
GO:0043542	endothelial cell migration	35/921	281/18903	3.43379320013969e-07	0.000166133158283122	0.000139980469211436	ADAMTS9/ADTRP/ATOH8/BCAR1/BCAS3/BMPER/EFNB2/ETS1/FGF1/GADD45A/HDAC9/HSPB1/ID1/ITGB1/KLF4/MEF2C/NFE2L2/NOTCH1/NRP2/PIK3R3/PRKCA/PTN/PXN/RHOB/RHOJ/RIN2/S100A2/SCARB1/SCG2/SP1/SPARC/SPRED1/SRF/STARD13/STAT5A	35	GO Biological Process	co_bound_SE_genes
GO:0050673	epithelial cell proliferation	50/921	481/18903	3.77532043969243e-07	0.000167435461500359	0.000141077763799033	ATOH8/BMPER/CAV2/CCND1/CDK6/CEBPB/EFNB2/EGFL7/ERRFI1/FABP7/FGF1/FMC1/GHSR/HAS2/HES1/ID1/IRS2/JAG1/JUN/KLF9/MAPK1/MEF2C/MYC/NOTCH1/NRP2/PHB2/PRKCA/PRKDC/PTCH1/PTN/RBPJ/RPS6KA1/RTN4/SCARB1/SCG2/SOX11/SOX2/SOX9/SP1/SPARC/STAT3/STAT5A/TBX2/TGFA/THBS4/TP63/TRIM24/TWIST1/ZEB1/ZFP36L1	50	GO Biological Process	co_bound_SE_genes
GO:0048732	gland development	47/921	441/18903	4.1262122196526e-07	0.000168920780253778	0.00014232926360907	ASXL1/BCL2/BCL2L11/CCND1/CDK5RAP3/CEBPB/CITED2/COBL/CSF1/CTC1/CUL3/FASN/FGF1/FOXB1/HES1/HNRNPD/HOXB3/INSM1/IRS2/JUN/MAD1L1/MAN2A1/MAPK1/NCOR2/NOTCH1/PCNA/PHB2/POU3F2/PSAP/PSAPL1/PTCH1/PTN/RBPJ/RPS6KA1/RTN4/SALL1/SLC7A5/SOX10/SOX2/SOX9/SRF/STAT5A/TBX2/TFCP2L1/TGFA/TP63/WNT7B	47	GO Biological Process	co_bound_SE_genes
GO:0048568	embryonic organ development	47/921	449/18903	6.92372379044372e-07	0.000248132736932098	0.000209071670588963	ADM/ARID2/ATF4/BCR/CEBPB/CITED2/COBL/DNAJB6/FOXG1/FUZ/FZD2/FZD3/HES1/HEY1/HOXA1/HOXB3/KITLG/KMT2A/LRIG3/MAPK1/MEF2C/MMP16/NDRG4/NIPBL/NOTCH1/PRDM1/PTCH1/RBPJ/SALL1/SATB2/SOCS3/SOX11/SOX9/SPRY2/SRF/TBC1D23/TBX2/TEAD1/TP53/TPO/TRA2B/TRIOBP/TWIST1/WNT7B/ZEB1/ZFP36L1/ZFPM2	47	GO Biological Process	co_bound_SE_genes
GO:0042326	negative regulation of phosphorylation	42/921	381/18903	6.99359461477164e-07	0.000248132736932098	0.000209071670588963	AJUBA/AKT1S1/CALM1/CALM2/CALM3/CDK5RAP2/CDK5RAP3/CORO1C/DUSP1/DUSP6/DUSP7/ERRFI1/GADD45A/GADD45B/GRB10/HDAC4/HEXIM1/HEXIM2/HNRNPU/HSPB1/INSM1/IRS2/JUN/LRP6/MIDN/PMEPA1/PPARA/PPM1F/PRKDC/PTPN1/SMAD7/SOCS3/SORL1/SPRED1/SPRED2/SPRY1/SPRY2/SPRY4/STAT3/TRIB2/WWTR1/YWHAG	42	GO Biological Process	co_bound_SE_genes
GO:0010632	regulation of epithelial cell migration	35/921	292/18903	8.59174911586971e-07	0.000285783054966616	0.000240795073905296	ADAMTS9/ATOH8/BCAR1/BCAS3/BMPER/CLASP1/CORO1C/ETS1/FGF1/GADD45A/HAS2/HDAC9/HSPB1/IRS2/JUN/KLF4/MEF2C/NFE2L2/NOTCH1/NRP2/PPM1F/PRKCA/PTN/RAB11A/RHOB/RHOJ/RIN2/RTN4/SCARB1/SOX9/SP1/SPARC/SPRED1/STARD13/STAT5A	35	GO Biological Process	co_bound_SE_genes
GO:1902893	regulation of miRNA transcription	14/921	61/18903	1.01768611970363e-06	0.000318595619356632	0.000268442282968265	ATOH8/ETS1/FOSL1/JUN/KLF4/MYC/PPARA/SOX9/SREBF1/SREBF2/SRF/STAT3/TEAD1/TP53	14	GO Biological Process	co_bound_SE_genes
GO:0048864	stem cell development	17/921	89/18903	1.17250213452684e-06	0.000346669797775101	0.000292097022987387	BCL2/CDH2/CITED2/CORO1C/HES1/JAG1/KITLG/MAPK1/MSI2/NRP2/SEMA3A/SEMA3B/SEMA3E/SOX10/SOX11/SOX9/TWIST1	17	GO Biological Process	co_bound_SE_genes
GO:0061614	miRNA transcription	14/921	62/18903	1.25612236289384e-06	0.000351846485016894	0.000296458795896274	ATOH8/ETS1/FOSL1/JUN/KLF4/MYC/PPARA/SOX9/SREBF1/SREBF2/SRF/STAT3/TEAD1/TP53	14	GO Biological Process	co_bound_SE_genes
GO:0030856	regulation of epithelial cell differentiation	24/921	164/18903	1.39743970243337e-06	0.000371858704817519	0.000313320691177166	APOLD1/ATOH8/BTG1/CCND1/CEBPB/ERRFI1/HES1/ID1/JAG1/MAFG/NOTCH1/PTCH1/RFX3/SERPINE1/SOX9/SPRED1/SPRED2/SPRY1/SPRY2/TP63/VEZF1/WWTR1/ZEB1/ZFP36L1	24	GO Biological Process	co_bound_SE_genes
GO:0010634	positive regulation of epithelial cell migration	25/921	176/18903	1.48682971681738e-06	0.000376805131090575	0.000317488450809124	ATOH8/BCAR1/BCAS3/CLASP1/ETS1/FGF1/HAS2/HDAC9/HSPB1/IRS2/JUN/NFE2L2/NRP2/PPM1F/PRKCA/RAB11A/RHOB/RHOJ/RIN2/RTN4/SCARB1/SOX9/SP1/SPARC/STAT5A	25	GO Biological Process	co_bound_SE_genes
GO:0019827	stem cell population maintenance	25/921	177/18903	1.65288540288504e-06	0.000399848005188826	0.000336903914655036	ACTB/ARID1A/BCL9/BCL9L/CDH2/FANCC/HES1/HMGA2/ING1/JAG1/KLF4/MYC/NIPBL/NOTCH1/PTN/RBPJ/SETD6/SMARCD1/SOX2/SOX9/SRRT/STAT3/TP63/ZFP36L2/ZHX2	25	GO Biological Process	co_bound_SE_genes
GO:1902895	positive regulation of miRNA transcription	12/921	47/18903	1.79255112056247e-06	0.00041172365219108	0.000346910096784746	ATOH8/ETS1/FOSL1/JUN/KLF4/MYC/SREBF1/SREBF2/SRF/STAT3/TEAD1/TP53	12	GO Biological Process	co_bound_SE_genes
GO:0045445	myoblast differentiation	19/921	112/18903	1.85670192645357e-06	0.00041172365219108	0.000346910096784746	ACTB/ARID1A/ARID2/BCL9/BCL9L/BTG1/DDX17/ITGB1/JAG1/MBNL1/MEF2C/NOTCH1/RBPJ/SMARCD1/SMARCD2/SOX9/SRF/TBX2/ZFP36L1	19	GO Biological Process	co_bound_SE_genes
GO:0098727	maintenance of cell number	25/921	181/18903	2.50162142720454e-06	0.000515495067451769	0.000434345811298589	ACTB/ARID1A/BCL9/BCL9L/CDH2/FANCC/HES1/HMGA2/ING1/JAG1/KLF4/MYC/NIPBL/NOTCH1/PTN/RBPJ/SETD6/SMARCD1/SOX2/SOX9/SRRT/STAT3/TP63/ZFP36L2/ZHX2	25	GO Biological Process	co_bound_SE_genes
GO:0050678	regulation of epithelial cell proliferation	43/921	414/18903	2.51839003264675e-06	0.000515495067451769	0.000434345811298589	ATOH8/CAV2/CCND1/CDK6/EFNB2/EGFL7/ERRFI1/FGF1/FMC1/GHSR/HAS2/HES1/ID1/IRS2/JAG1/JUN/KLF9/MEF2C/MYC/NOTCH1/NRP2/PHB2/PRKCA/PRKDC/PTCH1/PTN/RBPJ/RTN4/SCG2/SOX11/SOX2/SOX9/SP1/SPARC/STAT3/STAT5A/TGFA/THBS4/TP63/TRIM24/TWIST1/ZEB1/ZFP36L1	43	GO Biological Process	co_bound_SE_genes
GO:0014033	neural crest cell differentiation	17/921	96/18903	3.4984712507308e-06	0.000689587555421827	0.000581032652168157	CDH2/CITED2/CORO1C/HES1/JAG1/KITLG/LRP6/MAPK1/MEF2C/NRP2/SEMA3A/SEMA3B/SEMA3E/SOX10/SOX11/SOX9/TWIST1	17	GO Biological Process	co_bound_SE_genes
GO:0003279	cardiac septum development	18/921	107/18903	3.8997593287209e-06	0.000741232826694738	0.000624547922569588	ANK2/CITED2/FZD2/HES1/HEY1/JAG1/MATR3/NOTCH1/NRP2/PRDM1/RBM15/RBPJ/SALL1/SMAD7/SOX11/TBX2/TP53/ZFPM2	18	GO Biological Process	co_bound_SE_genes
GO:0051348	negative regulation of transferase activity	32/921	276/18903	5.10318885564957e-06	0.000933408808952455	0.000786471553262022	AJUBA/AKT1S1/BAG5/CDK5RAP2/CDK5RAP3/CORO1C/DUSP1/DUSP7/ERRFI1/GADD45A/GADD45B/GSK3B/HEXIM1/HEXIM2/HNRNPU/HSPB1/IRS2/LRP6/MIDN/PPM1F/PTPN1/RPL37/SMAD7/SORL1/SPRED1/SPRY1/SPRY2/SPRY4/TP53/TRIB2/WWTR1/YWHAG	32	GO Biological Process	co_bound_SE_genes
GO:0048880	sensory system development	41/921	398/18903	5.26160546196423e-06	0.000933408808952455	0.000786471553262022	ABCB5/ATF4/BCAR3/BCL2/C12orf57/CITED2/COL4A1/CRYBA4/FREM2/HES1/JAG1/JUN/KLF4/LPCAT1/MAN2A1/MEIS1/NECTIN3/NIPBL/NOTCH1/PRDM1/PXDN/RHOJ/SDK1/SDK2/SEMA3A/SH3PXD2B/SOX11/SOX2/SOX9/SPRED1/SPRED2/SPRY1/SPRY2/SRF/STAT3/TBX2/TWIST1/VIM/WNT7B/ZEB1/ZHX2	41	GO Biological Process	co_bound_SE_genes
GO:0001654	eye development	40/921	388/18903	6.71441362817331e-06	0.00115271320416575	0.000971253040951385	ABCB5/ATF4/BCAR3/BCL2/C12orf57/CITED2/COL4A1/CRYBA4/FREM2/HES1/JAG1/JUN/KLF4/LPCAT1/MAN2A1/MEIS1/NECTIN3/NIPBL/NOTCH1/PRDM1/PXDN/RHOJ/SDK1/SDK2/SH3PXD2B/SOX11/SOX2/SOX9/SPRED1/SPRED2/SPRY1/SPRY2/SRF/STAT3/TBX2/TWIST1/VIM/WNT7B/ZEB1/ZHX2	40	GO Biological Process	co_bound_SE_genes
GO:1903725	regulation of phospholipid metabolic process	10/921	37/18903	7.51430052501903e-06	0.00123546416569604	0.00104097734248406	ACSL3/CAPN2/DNAJC19/LPCAT1/LPIN1/MTMR2/MTMR4/PHB2/SCARB1/SLC27A1	10	GO Biological Process	co_bound_SE_genes
GO:0001837	epithelial to mesenchymal transition	23/921	169/18903	8.01745854288489e-06	0.00123546416569604	0.00104097734248406	BCL9L/CLASP1/DDX17/EPHA3/FUZ/GSK3B/HAS2/HEY1/HMGA2/JAG1/LRP6/NOTCH1/POFUT2/RBPJ/RTN4/SMAD7/SOX9/SPRED1/SPRED2/SPRY1/SPRY2/TWIST1/WWTR1	23	GO Biological Process	co_bound_SE_genes
GO:0032868	response to insulin	31/921	269/18903	8.07575028385508e-06	0.00123546416569604	0.00104097734248406	ADM/BCAR1/BCAR3/CAV2/ERRFI1/GHSR/GNAI2/GRB10/GSK3B/HDAC9/IRS2/KANK1/KBTBD2/KL/LPIN1/PIK3R3/PPARA/PRKCQ/PRKDC/PTPN1/SH2B2/SLC27A1/SNX5/SOCS3/SORL1/SP1/SREBF1/STXBP3/TWIST2/YWHAG/ZFP36L1	31	GO Biological Process	co_bound_SE_genes
GO:0060411	cardiac septum morphogenesis	14/921	72/18903	8.19972238898736e-06	0.00123546416569604	0.00104097734248406	CITED2/FZD2/HES1/HEY1/JAG1/NOTCH1/NRP2/RBM15/RBPJ/SMAD7/SOX11/TBX2/TP53/ZFPM2	14	GO Biological Process	co_bound_SE_genes
GO:0150063	visual system development	40/921	392/18903	8.5819058856353e-06	0.00123546416569604	0.00104097734248406	ABCB5/ATF4/BCAR3/BCL2/C12orf57/CITED2/COL4A1/CRYBA4/FREM2/HES1/JAG1/JUN/KLF4/LPCAT1/MAN2A1/MEIS1/NECTIN3/NIPBL/NOTCH1/PRDM1/PXDN/RHOJ/SDK1/SDK2/SH3PXD2B/SOX11/SOX2/SOX9/SPRED1/SPRED2/SPRY1/SPRY2/SRF/STAT3/TBX2/TWIST1/VIM/WNT7B/ZEB1/ZHX2	40	GO Biological Process	co_bound_SE_genes
GO:0030857	negative regulation of epithelial cell differentiation	12/921	54/18903	8.58928487988606e-06	0.00123546416569604	0.00104097734248406	CCND1/HES1/ID1/JAG1/NOTCH1/SOX9/SPRED1/SPRED2/SPRY1/SPRY2/TP63/ZEB1	12	GO Biological Process	co_bound_SE_genes
GO:0090287	regulation of cellular response to growth factor stimulus	36/921	338/18903	9.37321053971602e-06	0.00128082220477749	0.00107919511706168	ADAMTS3/BCL9L/BMPER/CAV2/CITED2/DOK5/EP300/FGF1/FUZ/GRB10/HES1/HGS/HSP90AB1/ING1/MTMR4/NOTCH1/NREP/PEG10/PMEPA1/PPARA/PTPN1/RBPJ/RGMA/SMAD7/SORL1/SOX11/SPRED1/SPRED2/SPRY1/SPRY2/SPRY4/SULF2/TOB1/TP53/ZDHHC17/ZEB1	36	GO Biological Process	co_bound_SE_genes
GO:0071560	cellular response to transforming growth factor beta stimulus	31/921	271/18903	9.38595753219134e-06	0.00128082220477749	0.00107919511706168	BCL9L/CAV2/CITED2/EP300/FMOD/FYN/HSP90AB1/ID1/ING1/ITGB8/JUN/MEF2C/MTMR4/NREP/PEG10/PMEPA1/PPARA/PXN/SMAD7/SOX11/SOX6/SOX9/SPRED1/SPRED2/SPRY1/SPRY2/STAT3/TP53/ZEB1/ZFP36L1/ZFP36L2	31	GO Biological Process	co_bound_SE_genes
GO:0014032	neural crest cell development	15/921	83/18903	1.0052564138586e-05	0.00131822200426832	0.00111070743847446	CDH2/CITED2/CORO1C/HES1/JAG1/KITLG/MAPK1/NRP2/SEMA3A/SEMA3B/SEMA3E/SOX10/SOX11/SOX9/TWIST1	15	GO Biological Process	co_bound_SE_genes
GO:0032869	cellular response to insulin stimulus	26/921	208/18903	1.01554119081174e-05	0.00131822200426832	0.00111070743847446	BCAR1/BCAR3/CAV2/ERRFI1/GHSR/GNAI2/GRB10/GSK3B/HDAC9/IRS2/KANK1/KL/LPIN1/PIK3R3/PRKCQ/PRKDC/PTPN1/SH2B2/SLC27A1/SNX5/SOCS3/SORL1/SP1/SREBF1/YWHAG/ZFP36L1	26	GO Biological Process	co_bound_SE_genes
GO:0045664	regulation of neuron differentiation	25/921	196/18903	1.04984118145242e-05	0.00133029875421185	0.0011208830659116	BCL2/BCL6/CDK5RAP2/CDK5RAP3/FEZ1/FOXG1/GPRC5B/GSK3B/HES1/HEY1/HMG20A/ITGB1/JAG1/MEF2C/MEIS1/NOTCH1/NRCAM/NREP/SOX11/SOX2/SOX9/TCF4/YWHAG/ZEB1/ZHX2	25	GO Biological Process	co_bound_SE_genes
GO:2000628	regulation of miRNA metabolic process	14/921	74/18903	1.14286172583952e-05	0.00141449072207394	0.00119182153049605	ATOH8/ETS1/FOSL1/JUN/KLF4/MYC/PPARA/SOX9/SREBF1/SREBF2/SRF/STAT3/TEAD1/TP53	14	GO Biological Process	co_bound_SE_genes
GO:0051972	regulation of telomerase activity	11/921	47/18903	1.19937773873545e-05	0.00144729062296193	0.00121945806954604	AURKB/HNRNPA2B1/HNRNPD/HSP90AB1/KLF4/MAPK1/MYC/PNKP/PRKCQ/TP53/WRAP53	11	GO Biological Process	co_bound_SE_genes
GO:0002065	columnar/cuboidal epithelial cell differentiation	18/921	116/18903	1.25046265621162e-05	0.00144729062296193	0.00121945806954604	CDH2/CDK6/CEBPB/FASN/GSK3B/HES1/IL6ST/INSM1/JAG1/KLF4/NOTCH1/POU3F2/PRDM1/RFX3/SERPINE1/SOX11/SOX9/TP63	18	GO Biological Process	co_bound_SE_genes
GO:0030010	establishment of cell polarity	21/921	150/18903	1.26490356623158e-05	0.00144729062296193	0.00121945806954604	AMOTL1/ARFGEF1/BCAS3/CDK5RAP2/CLASP1/CYTH1/DOCK7/FEZ1/FSCN1/GPSM2/GSK3B/GSN/HES1/HSP90AB1/HTT/INSC/ITGB1/KANK1/SPRY1/SPRY2/TRAF3IP2	21	GO Biological Process	co_bound_SE_genes
GO:2000630	positive regulation of miRNA metabolic process	12/921	56/18903	1.27814091092091e-05	0.00144729062296193	0.00121945806954604	ATOH8/ETS1/FOSL1/JUN/KLF4/MYC/SREBF1/SREBF2/SRF/STAT3/TEAD1/TP53	12	GO Biological Process	co_bound_SE_genes
GO:0071559	response to transforming growth factor beta	31/921	277/18903	1.45711843091888e-05	0.0016137082777384	0.00135967824980035	BCL9L/CAV2/CITED2/EP300/FMOD/FYN/HSP90AB1/ID1/ING1/ITGB8/JUN/MEF2C/MTMR4/NREP/PEG10/PMEPA1/PPARA/PXN/SMAD7/SOX11/SOX6/SOX9/SPRED1/SPRED2/SPRY1/SPRY2/STAT3/TP53/ZEB1/ZFP36L1/ZFP36L2	31	GO Biological Process	co_bound_SE_genes
GO:1901653	cellular response to peptide	38/921	373/18903	1.48575170254005e-05	0.0016137082777384	0.00135967824980035	BCAR1/BCAR3/BCL2L11/CAV2/ERRFI1/FYN/GHSR/GNAI2/GRB10/GSK3B/HDAC9/ID1/IRS2/KANK1/KL/KLF3/LPIN1/NFE2L2/NR4A2/PIK3R3/PRKCQ/PRKDC/PTPN1/PXN/SH2B2/SLC27A1/SNX5/SOCS3/SORL1/SP1/SREBF1/STAT3/STAT5A/TP53/TSHR/VIM/YWHAG/ZFP36L1	38	GO Biological Process	co_bound_SE_genes
GO:0035019	somatic stem cell population maintenance	13/921	67/18903	1.75833173393016e-05	0.00184261544260534	0.00155255083872283	BCL9/BCL9L/HES1/KLF4/MYC/NIPBL/RBPJ/SOX2/SOX9/STAT3/TP63/ZFP36L2/ZHX2	13	GO Biological Process	co_bound_SE_genes
GO:0007178	transmembrane receptor protein serine/threonine kinase signaling pathway	39/921	390/18903	1.76575324263195e-05	0.00184261544260534	0.00155255083872283	ATOH8/BCL9L/BMPER/CAV2/CITED2/DMRT1/EP300/FMOD/HES1/HSP90AB1/ID1/ING1/ITGB8/JUN/MTMR4/NOTCH1/NREP/PEG10/PMEPA1/PPARA/PXN/RBPJ/RGMA/RGMB/SMAD7/SORL1/SOX11/SPRED1/SPRED2/SPRY1/SPRY2/SPTBN1/STAT3/SUB1/TOB1/TP53/VIM/WWTR1/ZEB1	39	GO Biological Process	co_bound_SE_genes
GO:0010801	negative regulation of peptidyl-threonine phosphorylation	7/921	19/18903	1.9162990801084e-05	0.00192425352912017	0.00162133745407384	CALM1/CALM2/CALM3/SMAD7/SPRED1/SPRED2/SPRY2	7	GO Biological Process	co_bound_SE_genes
GO:0060216	definitive hemopoiesis	7/921	19/18903	1.9162990801084e-05	0.00192425352912017	0.00162133745407384	BCR/CDK5RAP3/HOXB3/KMT2A/LYL1/MEIS1/ZFP36L2	7	GO Biological Process	co_bound_SE_genes
GO:0044346	fibroblast apoptotic process	8/921	26/18903	2.19486788077617e-05	0.00212383397481651	0.00178949993724526	BCL2L11/BTG1/CFDP1/CUL3/MYC/STK17A/TP53/TP63	8	GO Biological Process	co_bound_SE_genes
GO:1900151	regulation of nuclear-transcribed mRNA catabolic process, deadenylation-dependent decay	8/921	26/18903	2.19486788077617e-05	0.00212383397481651	0.00178949993724526	HNRNPD/HNRNPU/NANOS3/SYNCRIP/TNRC6B/TOB1/ZFP36L1/ZFP36L2	8	GO Biological Process	co_bound_SE_genes
GO:2000278	regulation of DNA biosynthetic process	18/921	121/18903	2.25843991836497e-05	0.00212449573967532	0.00179005752705095	AURKB/CCT5/CTC1/HNRNPA2B1/HNRNPD/HNRNPU/HSP90AB1/JADE1/KLF4/MAPK1/MYC/PCNA/PNKP/PRKCQ/RFC3/TP53/USP1/WRAP53	18	GO Biological Process	co_bound_SE_genes
GO:0061008	hepaticobiliary system development	20/921	144/18903	2.27539002558237e-05	0.00212449573967532	0.00179005752705095	CCND1/CDK5RAP3/CEBPB/CITED2/COBL/CUL3/FGF1/HES1/HNRNPD/JUN/MAN2A1/NIPBL/NOTCH1/PCNA/PTCH1/PTN/RPS6KA1/SLC7A5/SOX9/TGFA	20	GO Biological Process	co_bound_SE_genes
GO:0048844	artery morphogenesis	14/921	79/18903	2.4866819785858e-05	0.00228174508448856	0.00192255267309901	ADAMTS9/ARID2/CITED2/EFNB2/HES1/HEY1/HOXA1/JAG1/NOTCH1/PRDM1/RBPJ/SMAD7/SRF/TBX2	14	GO Biological Process	co_bound_SE_genes
GO:0060563	neuroepithelial cell differentiation	9/921	34/18903	2.59104776659961e-05	0.00233721291760053	0.00196928875748694	CDH2/CEBPB/HES1/INSM1/JAG1/NOTCH1/POU3F2/SERPINE1/SOX11	9	GO Biological Process	co_bound_SE_genes
GO:0090596	sensory organ morphogenesis	30/921	272/18903	2.63502266021395e-05	0.00233726509960978	0.00196933272500201	ATF4/BCAR3/BCL2/BCR/C12orf57/CITED2/FOXG1/FZD2/FZD3/HOXA1/JAG1/LRIG3/MAN2A1/MAPK1/MEIS1/NECTIN3/NIPBL/NOTCH1/PRDM1/SDK1/SDK2/SOX11/SOX9/SPRY2/STAT3/TBX2/TRIOBP/TWIST1/ZEB1/ZHX2	30	GO Biological Process	co_bound_SE_genes
GO:0010586	miRNA metabolic process	15/921	90/18903	2.75322992405014e-05	0.00236333704125723	0.00199130042045052	ATOH8/DDX17/ETS1/FOSL1/JUN/KLF4/MYC/PPARA/SOX9/SREBF1/SREBF2/SRF/STAT3/TEAD1/TP53	15	GO Biological Process	co_bound_SE_genes
GO:2000177	regulation of neural precursor cell proliferation	15/921	90/18903	2.75322992405014e-05	0.00236333704125723	0.00199130042045052	BTG2/CDH2/FOXG1/FZD3/GNAI2/INSM1/ITGB1/NOTCH1/PTN/PTPRZ1/RASSF10/SOX10/TOX/TP53/ZNF335	15	GO Biological Process	co_bound_SE_genes
GO:0003151	outflow tract morphogenesis	14/921	80/18903	2.88084813307088e-05	0.00243363075622274	0.00205052849571963	CITED2/FZD2/HES1/JAG1/JUN/MEF2C/NIPBL/NOTCH1/NRP2/RBPJ/SOX11/TBX2/TWIST1/ZFPM2	14	GO Biological Process	co_bound_SE_genes
GO:2000737	negative regulation of stem cell differentiation	8/921	27/18903	2.98638494105774e-05	0.00248336572754833	0.00209243418567533	GSK3B/HES1/HNRNPU/JAG1/NFE2L2/NOTCH1/STAT3/ZFP36L2	8	GO Biological Process	co_bound_SE_genes
GO:0016311	dephosphorylation	36/921	357/18903	3.07876997269229e-05	0.00249941064996071	0.00210595331569703	ADORA1/BCL2/CALM1/CALM2/CALM3/CDC25B/CDK5RAP3/DUSP1/DUSP4/DUSP6/DUSP7/EYA2/GNAI2/GSK3B/HSP90AB1/HTT/LGALS3/LPIN1/MEF2C/MTMR2/MTMR4/PDP1/PLPPR5/PPM1F/PPP1CB/PPP4R3A/PTBP1/PTPA/PTPN1/PTPRN2/PTPRZ1/PXYLP1/RCAN1/SACM1L/SMG7/TNS3	36	GO Biological Process	co_bound_SE_genes
GO:0048592	eye morphogenesis	21/921	159/18903	3.09960734493436e-05	0.00249941064996071	0.00210595331569703	ATF4/BCAR3/BCL2/C12orf57/CITED2/JAG1/MAN2A1/MEIS1/NECTIN3/NIPBL/NOTCH1/PRDM1/SDK1/SDK2/SOX11/SOX9/STAT3/TBX2/TWIST1/ZEB1/ZHX2	21	GO Biological Process	co_bound_SE_genes
GO:0060412	ventricular septum morphogenesis	10/921	43/18903	3.17032227639261e-05	0.00251520479136736	0.00211926114266994	CITED2/FZD2/HES1/HEY1/NOTCH1/RBM15/RBPJ/SMAD7/SOX11/ZFPM2	10	GO Biological Process	co_bound_SE_genes
GO:0010810	regulation of cell-substrate adhesion	26/921	222/18903	3.21371525390793e-05	0.00251520479136736	0.00211926114266994	BCAS3/BCL2/BCL6/CDK6/CLASP1/CORO1C/CORO2B/CSF1/EPHA3/GPM6B/GSK3B/HAS2/JAG1/KANK1/NEDD9/NOTCH1/PPM1F/PREX1/RIN2/RSU1/S100A10/SEMA3E/SERPINE1/SPRY4/TLN1/TRIOBP	26	GO Biological Process	co_bound_SE_genes
GO:0001570	vasculogenesis	14/921	81/18903	3.32881585904311e-05	0.00256753014519238	0.00216334943699827	ADM/CITED2/EGFL7/HAS2/HEY1/ITGB8/MYO1E/NOTCH1/QKI/RIN2/SPRED1/WNT7B/ZFP36L1/ZFPM2	14	GO Biological Process	co_bound_SE_genes
GO:0050679	positive regulation of epithelial cell proliferation	26/921	224/18903	3.75153790958924e-05	0.0028164906512369	0.00237311856924963	CAV2/CCND1/EGFL7/FGF1/GHSR/HAS2/ID1/IRS2/JUN/MYC/NOTCH1/NRP2/PRKCA/PTN/RBPJ/RTN4/SCG2/SOX11/SOX9/SP1/STAT3/STAT5A/TGFA/THBS4/TP63/TWIST1	26	GO Biological Process	co_bound_SE_genes
GO:0061351	neural precursor cell proliferation	20/921	149/18903	3.75743773464524e-05	0.0028164906512369	0.00237311856924963	BTG2/CDH2/DBN1/DOCK7/FOXG1/FZD3/GNAI2/INSM1/ITGB1/NOTCH1/POU3F2/POU3F3/PTN/PTPRZ1/RASSF10/RERE/SOX10/TOX/TP53/ZNF335	20	GO Biological Process	co_bound_SE_genes
GO:0051056	regulation of small GTPase mediated signal transduction	32/921	305/18903	3.89138830184194e-05	0.00286160513624218	0.00241113113004444	ARFGEF1/ARHGAP12/ARHGEF12/ARHGEF4/BCL6/BCR/CDC42SE2/CHN2/CSF1/CUL3/CYTH1/DENND4A/GABARAP/ITGB1/KANK1/KITLG/MYO9B/NOTCH1/PLEKHG1/PRAG1/PREX1/PSD2/RALGAPA2/RAP1GAP2/SPATA13/SPRY1/SPRY2/SPRY4/STAMBP/STARD13/STMN1/VAV2	32	GO Biological Process	co_bound_SE_genes
GO:0035329	hippo signaling	10/921	44/18903	3.92516300160991e-05	0.00286160513624218	0.00241113113004444	AJUBA/AMOTL1/ARRDC3/LIMD1/NUAK2/PJA2/SOX11/TEAD1/VGLL4/WWTR1	10	GO Biological Process	co_bound_SE_genes
GO:1901522	positive regulation of transcription from RNA polymerase II promoter involved in cellular response to chemical stimulus	7/921	21/18903	4.05889866885499e-05	0.0029191160426549	0.00245958866704442	ATF4/CREB3/EP300/JUN/NFE2L2/RBPJ/TP53	7	GO Biological Process	co_bound_SE_genes
GO:0071375	cellular response to peptide hormone stimulus	32/921	306/18903	4.14834359755218e-05	0.00294366461682303	0.00248027280358909	BCAR1/BCAR3/CAV2/ERRFI1/GHSR/GNAI2/GRB10/GSK3B/HDAC9/IRS2/KANK1/KL/LPIN1/NFE2L2/NR4A2/PIK3R3/PRKCQ/PRKDC/PTPN1/PXN/SH2B2/SLC27A1/SNX5/SOCS3/SORL1/SP1/SREBF1/STAT3/STAT5A/TSHR/YWHAG/ZFP36L1	32	GO Biological Process	co_bound_SE_genes
GO:0035909	aorta morphogenesis	9/921	36/18903	4.25976996001548e-05	0.00298295996410558	0.002513382275577	ADAMTS9/EFNB2/HES1/HEY1/JAG1/NOTCH1/RBPJ/SRF/TBX2	9	GO Biological Process	co_bound_SE_genes
GO:0043434	response to peptide hormone	40/921	421/18903	4.45645412961985e-05	0.00308016219192687	0.0025952829244266	ADM/BCAR1/BCAR3/BTG2/CAV2/ERRFI1/GHSR/GNAI2/GRB10/GSK3B/HDAC9/IRS2/JUND/KANK1/KBTBD2/KL/LPIN1/LRP6/NFE2L2/NR4A2/PIK3R3/PPARA/PRKCQ/PRKDC/PTPN1/PXN/SH2B2/SLC27A1/SNX5/SOCS3/SORL1/SP1/SREBF1/STAT3/STAT5A/STXBP3/TSHR/TWIST2/YWHAG/ZFP36L1	40	GO Biological Process	co_bound_SE_genes
GO:0045665	negative regulation of neuron differentiation	13/921	73/18903	4.56283339120419e-05	0.00311325632153701	0.00262316737470038	CDK5RAP2/FOXG1/GSK3B/HES1/HEY1/HMG20A/ITGB1/JAG1/MEIS1/NOTCH1/SOX2/SOX9/ZHX2	13	GO Biological Process	co_bound_SE_genes
GO:0033673	negative regulation of kinase activity	27/921	240/18903	4.65145712844623e-05	0.00313355124526466	0.0026402674706437	AJUBA/AKT1S1/CDK5RAP2/CDK5RAP3/CORO1C/DUSP1/DUSP7/ERRFI1/GADD45A/GADD45B/HEXIM1/HEXIM2/HNRNPU/HSPB1/IRS2/LRP6/MIDN/PPM1F/PTPN1/SORL1/SPRED1/SPRY1/SPRY2/SPRY4/TRIB2/WWTR1/YWHAG	27	GO Biological Process	co_bound_SE_genes
GO:0003281	ventricular septum development	13/921	74/18903	5.29167981169173e-05	0.00341684027409609	0.00287896112811752	CITED2/FZD2/HES1/HEY1/MATR3/NOTCH1/PRDM1/RBM15/RBPJ/SALL1/SMAD7/SOX11/ZFPM2	13	GO Biological Process	co_bound_SE_genes
GO:0001933	negative regulation of protein phosphorylation	34/921	338/18903	5.3255581067415e-05	0.00341684027409609	0.00287896112811752	AKT1S1/CALM1/CALM2/CALM3/CDK5RAP2/CDK5RAP3/CORO1C/DUSP1/DUSP6/DUSP7/ERRFI1/GADD45A/GADD45B/HEXIM1/HEXIM2/HSPB1/INSM1/JUN/LRP6/PMEPA1/PPM1F/PRKDC/PTPN1/SMAD7/SOCS3/SORL1/SPRED1/SPRED2/SPRY1/SPRY2/SPRY4/TRIB2/WWTR1/YWHAG	34	GO Biological Process	co_bound_SE_genes
GO:0060070	canonical Wnt signaling pathway	32/921	310/18903	5.33736603838224e-05	0.00341684027409609	0.00287896112811752	AMER3/BCL9/BCL9L/CDH2/CSNK1G3/FRMD8/FUZ/FZD2/FZD3/G3BP1/GPRC5B/GSK3B/JADE1/JRK/KANK1/KLF4/LIMD1/LRP6/NOTCH1/NR4A2/RBPJ/SOX10/SOX2/SOX9/TBL1XR1/TCF7/TLE3/TLE4/TMEM170B/USP47/WNT7B/WWTR1	32	GO Biological Process	co_bound_SE_genes
GO:0048593	camera-type eye morphogenesis	18/921	129/18903	5.40704088400249e-05	0.00341684027409609	0.00287896112811752	ATF4/BCAR3/C12orf57/CITED2/JAG1/MAN2A1/MEIS1/NECTIN3/NOTCH1/SDK1/SDK2/SOX11/SOX9/STAT3/TBX2/TWIST1/ZEB1/ZHX2	18	GO Biological Process	co_bound_SE_genes
GO:0007179	transforming growth factor beta receptor signaling pathway	25/921	216/18903	5.50881864841518e-05	0.00341684027409609	0.00287896112811752	BCL9L/CAV2/CITED2/EP300/FMOD/HSP90AB1/ID1/ING1/ITGB8/JUN/MTMR4/NREP/PEG10/PMEPA1/PPARA/PXN/SMAD7/SOX11/SPRED1/SPRED2/SPRY1/SPRY2/STAT3/TP53/ZEB1	25	GO Biological Process	co_bound_SE_genes
GO:0001889	liver development	19/921	141/18903	5.52138789124886e-05	0.00341684027409609	0.00287896112811752	CCND1/CDK5RAP3/CEBPB/CITED2/COBL/CUL3/FGF1/HES1/HNRNPD/JUN/MAN2A1/NOTCH1/PCNA/PTCH1/PTN/RPS6KA1/SLC7A5/SOX9/TGFA	19	GO Biological Process	co_bound_SE_genes
GO:0045667	regulation of osteoblast differentiation	19/921	141/18903	5.52138789124886e-05	0.00341684027409609	0.00287896112811752	ATF4/CDK6/CEBPB/IL6ST/JAG1/JUND/LIMD1/MEF2C/NOTCH1/PTCH1/SOX11/SOX9/SUCO/TOB1/TP63/TWIST1/TWIST2/WNT7B/WWTR1	19	GO Biological Process	co_bound_SE_genes
GO:0010594	regulation of endothelial cell migration	26/921	230/18903	5.8864539986464e-05	0.00360088599779266	0.00303403436590849	ADAMTS9/ATOH8/BCAR1/BCAS3/BMPER/ETS1/FGF1/GADD45A/HDAC9/HSPB1/KLF4/MEF2C/NFE2L2/NOTCH1/NRP2/PRKCA/PTN/RHOB/RHOJ/RIN2/SCARB1/SP1/SPARC/SPRED1/STARD13/STAT5A	26	GO Biological Process	co_bound_SE_genes
GO:0030900	forebrain development	37/921	383/18903	6.01476717829446e-05	0.00363756715032763	0.00306494116980077	AKIRIN2/BTBD3/BTG2/C12orf57/CDH2/CDK6/DNAJB1/DOCK7/FEZ1/FOXB1/FOXG1/FYN/GSK3B/HES1/MDGA1/NOTCH1/NR4A2/NRP2/PGAP1/POU3F2/POU3F3/RBPJ/RTN4/SALL1/SECISBP2/SEMA3A/SEMA3E/SOX2/SRF/TACC1/TOX/TRA2B/TRAPPC9/WNT7B/ZEB1/ZNF335/ZSWIM6	37	GO Biological Process	co_bound_SE_genes
GO:0031589	cell-substrate adhesion	36/921	369/18903	6.15259486576537e-05	0.00364189369963452	0.0030685866335258	ADAMTS9/AJUBA/BCAS3/BCL2/BCL2L11/BCL6/BCR/CDK6/CLASP1/CORO1C/CORO2B/CSF1/EPHA3/GPM6B/GSK3B/HAS2/ID1/ITGB1/ITGB8/JAG1/KANK1/LAMB4/NEDD9/NOTCH1/PPM1F/PREX1/PXN/RIN2/RSU1/S100A10/SEMA3E/SERPINE1/SPRY4/SRF/TLN1/TRIOBP	36	GO Biological Process	co_bound_SE_genes
GO:2000144	positive regulation of DNA-templated transcription initiation	12/921	65/18903	6.15878303207642e-05	0.00364189369963452	0.0030685866335258	BCLAF1/FOSL1/GTF2A1/JUN/MED25/SRF/SUB1/TAF12/TAF13/TAF4/TP53/TWIST1	12	GO Biological Process	co_bound_SE_genes
GO:0003007	heart morphogenesis	28/921	258/18903	6.44125169722459e-05	0.00376707049809113	0.00317405809487296	ARID2/ASXL1/CITED2/FZD2/HAS2/HES1/HEY1/JAG1/JUN/MEF2C/NDRG4/NIPBL/NOTCH1/NRP2/PTCH1/RBM15/RBPJ/RTN4/SMAD7/SOX11/SOX9/SPRY1/SRF/TBX2/TP53/TREX1/TWIST1/ZFPM2	28	GO Biological Process	co_bound_SE_genes
GO:2000142	regulation of DNA-templated transcription initiation	13/921	76/18903	7.05777852006879e-05	0.00408078613956232	0.00343838860628879	ATF7IP/BCLAF1/FOSL1/GTF2A1/JUN/MED25/SRF/SUB1/TAF12/TAF13/TAF4/TP53/TWIST1	13	GO Biological Process	co_bound_SE_genes
GO:0001649	osteoblast differentiation	27/921	246/18903	7.13102425740879e-05	0.00408078613956232	0.00343838860628879	ATF4/CDK6/CEBPB/CLTC/FASN/GSK3B/HNRNPU/IL6ST/JAG1/JUND/LIMD1/MEF2C/NOTCH1/PTCH1/RRBP1/SATB2/SOX11/SOX2/SOX9/SUCO/SYNCRIP/TOB1/TP63/TWIST1/TWIST2/WNT7B/WWTR1	27	GO Biological Process	co_bound_SE_genes
GO:0097150	neuronal stem cell population maintenance	7/921	23/18903	7.85543884532801e-05	0.00437363885593105	0.00368514043518786	CDH2/FANCC/HES1/JAG1/NOTCH1/SOX2/SRRT	7	GO Biological Process	co_bound_SE_genes
GO:0007163	establishment or maintenance of cell polarity	26/921	234/18903	7.86139760728418e-05	0.00437363885593105	0.00368514043518786	ACTB/ACTR3/AMOTL1/ARFGEF1/BCAS3/CDK5RAP2/CLASP1/CYTH1/DOCK7/FEZ1/FSCN1/GPSM2/GSK3B/GSN/HES1/HSP90AB1/HTT/INSC/ITGB1/KANK1/RHOB/RHOJ/SPRY1/SPRY2/TRAF3IP2/WNT7B	26	GO Biological Process	co_bound_SE_genes
GO:0006470	protein dephosphorylation	28/921	261/18903	7.88931473448668e-05	0.00437363885593105	0.00368514043518786	ADORA1/BCL2/CALM1/CALM2/CALM3/CDC25B/DUSP1/DUSP4/DUSP6/DUSP7/EYA2/GNAI2/GSK3B/HSP90AB1/HTT/LGALS3/MTMR2/MTMR4/PDP1/PPM1F/PPP1CB/PPP4R3A/PTBP1/PTPA/PTPN1/PTPRN2/PTPRZ1/RCAN1	28	GO Biological Process	co_bound_SE_genes
GO:0035303	regulation of dephosphorylation	18/921	133/18903	8.11550377614233e-05	0.0044526506285185	0.00375171417106526	ADORA1/CALM1/CALM2/CALM3/CDK5RAP3/GNAI2/GSK3B/HSP90AB1/HTT/LGALS3/LPIN1/MEF2C/MTMR2/MTMR4/PTBP1/PTPA/RCAN1/SMG7	18	GO Biological Process	co_bound_SE_genes
GO:0009895	negative regulation of catabolic process	33/921	332/18903	8.59868670623352e-05	0.0046696133316913	0.00393452259597796	ADORA1/ANXA2/BAG5/BANP/BCL2/CDK5RAP3/CIRBP/CYP51A1/EIF4G2/FEZ1/FMC1/FOXK1/FYN/HDAC4/HNRNPD/HNRNPU/HSP90AB1/LZTS1/MTMR2/NRDE2/PHF23/PPARA/SECISBP2/SLC7A5/SORL1/STAT3/SYNCRIP/TIMP2/TOB1/TP53/TRAF3IP2/USP25/USP36	33	GO Biological Process	co_bound_SE_genes
GO:0008286	insulin receptor signaling pathway	17/921	122/18903	8.78885273469246e-05	0.00472467416707407	0.0039809157522371	BCAR1/BCAR3/CAV2/GNAI2/GRB10/GSK3B/IRS2/KANK1/KL/PIK3R3/PRKCQ/PTPN1/SH2B2/SNX5/SOCS3/SORL1/SREBF1	17	GO Biological Process	co_bound_SE_genes
GO:0072073	kidney epithelium development	19/921	146/18903	8.91063287346268e-05	0.00474223881525684	0.00399571537273169	ASXL1/BCL2/BMPER/EFNB2/FGF1/HES1/JAG1/MEF2C/MYC/MYO1E/NOTCH1/POU3F3/PTCH1/SALL1/SMAD7/SOX9/SPRY1/WNT7B/WWTR1	19	GO Biological Process	co_bound_SE_genes
GO:0017015	regulation of transforming growth factor beta receptor signaling pathway	19/921	147/18903	9.77549532041034e-05	0.00511860180364371	0.00431283128296094	BCL9L/CAV2/CITED2/EP300/HSP90AB1/ING1/MTMR4/NREP/PEG10/PMEPA1/PPARA/SMAD7/SOX11/SPRED1/SPRED2/SPRY1/SPRY2/TP53/ZEB1	19	GO Biological Process	co_bound_SE_genes
GO:1901844	regulation of cell communication by electrical coupling involved in cardiac conduction	5/921	11/18903	9.8101725661717e-05	0.00511860180364371	0.00431283128296094	CALM1/CALM2/CALM3/CAMK2D/SRI	5	GO Biological Process	co_bound_SE_genes
GO:0060562	epithelial tube morphogenesis	33/921	335/18903	0.000102184738710793	0.00527987552833823	0.00444871729083267	ADM/BCL2/CITED2/COBL/COL4A1/CSF1/EFNB2/FGF1/FUZ/FZD2/FZD3/HES1/MEF2C/MYC/NDRG4/NOTCH1/PHB2/PTCH1/RBM15/RBPJ/RGMA/RHOB/SALL1/SEMA3E/SHROOM3/SOX11/SOX9/SPRY1/SPRY2/SRF/STARD13/TBX2/TWIST1	33	GO Biological Process	co_bound_SE_genes
GO:0007160	cell-matrix adhesion	26/921	238/18903	0.000104107410405144	0.0053274965209248	0.00448884178467526	ADAMTS9/AJUBA/BCAS3/BCL2/BCL2L11/BCL6/BCR/CDK6/CLASP1/CORO1C/CORO2B/CSF1/EPHA3/GPM6B/GSK3B/ITGB1/ITGB8/JAG1/PPM1F/PXN/RIN2/S100A10/SEMA3E/SERPINE1/SRF/TLN1	26	GO Biological Process	co_bound_SE_genes
GO:0060674	placenta blood vessel development	8/921	32/18903	0.000113902973257171	0.00577325355880632	0.00486442773008069	FOSL1/HES1/HEY1/ITGB8/MAPK1/RBM15/RBPJ/SOCS3	8	GO Biological Process	co_bound_SE_genes
GO:0002064	epithelial cell development	24/921	213/18903	0.000117488870624378	0.00589882801380133	0.00497023424885652	AFDN/ASXL1/ATF4/CDH2/CDK6/COL18A1/DMRT1/FASN/FOSL2/GSK3B/IL6ST/INSM1/JAG1/MYO1E/NOTCH1/PRDM1/RFX3/SHROOM3/SOX9/TFCP2L1/TP63/VEZF1/VIM/WNT7B	24	GO Biological Process	co_bound_SE_genes
GO:0001952	regulation of cell-matrix adhesion	17/921	125/18903	0.00011931953045445	0.00593475272036061	0.00500050368653181	BCAS3/BCL2/BCL6/CDK6/CLASP1/CORO1C/CSF1/EPHA3/GPM6B/GSK3B/JAG1/PPM1F/RIN2/S100A10/SEMA3E/SERPINE1/TLN1	17	GO Biological Process	co_bound_SE_genes
GO:0016055	Wnt signaling pathway	41/921	456/18903	0.00012266416277029	0.00604461735429153	0.00509307342496528	AMER3/AMOTL1/BCL9/BCL9L/CCND1/CDH2/CSNK1G3/CUL3/FRMD8/FUZ/FZD2/FZD3/G3BP1/GPRC5B/GRB10/GSK3B/HBP1/JADE1/JRK/KANK1/KLF4/LIMD1/LRP6/NOTCH1/NR4A2/PRICKLE2/RBPJ/SALL1/SOX10/SOX2/SOX9/SULF2/TBL1XR1/TCF7/TLE3/TLE4/TMEM170B/USP47/VGLL4/WNT7B/WWTR1	41	GO Biological Process	co_bound_SE_genes
GO:0048545	response to steroid hormone	33/921	339/18903	0.000128046960148078	0.00615345544327606	0.00518477821720287	ADM/ADTRP/ARID1A/ATP1A1/BCL2/BCL2L11/CALM3/CCND1/DDX17/EP300/ERRFI1/FBXO32/FOSL1/GHSR/HNRNPU/KLF9/KMT2D/NCOR2/NOTCH1/PAPPA/PCNA/PGRMC2/PHB2/PMEPA1/PPARA/SOX10/SREBF1/TP63/UFSP2/WBP2/WNT7B/ZFP36L1/ZFP36L2	33	GO Biological Process	co_bound_SE_genes
GO:1903844	regulation of cellular response to transforming growth factor beta stimulus	19/921	150/18903	0.000128310704378391	0.00615345544327606	0.00518477821720287	BCL9L/CAV2/CITED2/EP300/HSP90AB1/ING1/MTMR4/NREP/PEG10/PMEPA1/PPARA/SMAD7/SOX11/SPRED1/SPRED2/SPRY1/SPRY2/TP53/ZEB1	19	GO Biological Process	co_bound_SE_genes
GO:0070997	neuron death	35/921	368/18903	0.000128341517137099	0.00615345544327606	0.00518477821720287	ADNP/ADORA1/AKT1S1/ATF4/BAG5/BCL2/BCL2L11/BTG2/CAPN2/CCND1/CEBPB/CSF1/EFNB2/FOXB1/FYN/GRIN2B/GSK3B/HDGF/HSP90AB1/IL6ST/JUN/MEF2C/NR4A2/OXR1/PCDHGC5/PPARA/PTPRZ1/RETREG1/SEMA3E/SORL1/STAMBP/THAP11/TMTC4/TP53/TP63	35	GO Biological Process	co_bound_SE_genes
GO:1901214	regulation of neuron death	32/921	325/18903	0.000130497685557618	0.00620097037980038	0.0052248133503332	ADNP/ADORA1/AKT1S1/ATF4/BCL2/BCL2L11/BTG2/CAPN2/CCND1/CEBPB/CSF1/EFNB2/FOXB1/FYN/GRIN2B/GSK3B/HDGF/HSP90AB1/IL6ST/JUN/MEF2C/NR4A2/OXR1/PCDHGC5/PPARA/PTPRZ1/RETREG1/SEMA3E/SORL1/STAMBP/THAP11/TP53	32	GO Biological Process	co_bound_SE_genes
GO:1903131	mononuclear cell differentiation	42/921	473/18903	0.000134098636234858	0.00629382433483868	0.00530305023169223	ACTB/ARID1A/ARID2/BCL2/BCL6/CARD11/CDK6/CEBPB/CMTM7/CSF1/DOCK10/EP300/FASN/HDAC4/HDAC9/IRF2BP2/ITGB1/ITGB8/JUN/KLF6/LYL1/MYC/NDFIP1/PIK3R3/PRDM1/PREX1/PRKDC/PRR7/RBPJ/SMAD7/SMARCD1/SMARCD2/SRF/STAT3/TCF7/TOX/TP53/TRAF3IP2/ZAP70/ZEB1/ZFP36L1/ZFP36L2	42	GO Biological Process	co_bound_SE_genes
GO:0198738	cell-cell signaling by wnt	41/921	458/18903	0.000134816981242317	0.00629382433483868	0.00530305023169223	AMER3/AMOTL1/BCL9/BCL9L/CCND1/CDH2/CSNK1G3/CUL3/FRMD8/FUZ/FZD2/FZD3/G3BP1/GPRC5B/GRB10/GSK3B/HBP1/JADE1/JRK/KANK1/KLF4/LIMD1/LRP6/NOTCH1/NR4A2/PRICKLE2/RBPJ/SALL1/SOX10/SOX2/SOX9/SULF2/TBL1XR1/TCF7/TLE3/TLE4/TMEM170B/USP47/VGLL4/WNT7B/WWTR1	41	GO Biological Process	co_bound_SE_genes
GO:0003158	endothelium development	18/921	139/18903	0.000144178740827816	0.00667234137987511	0.00562198110687869	AFDN/APOLD1/ATOH8/BTG1/COL18A1/FASN/FGF1/FZD2/HEY1/ID1/JAG1/KDM6B/NOTCH1/RBPJ/RHOB/STARD13/VEZF1/ZEB1	18	GO Biological Process	co_bound_SE_genes
GO:0001763	morphogenesis of a branching structure	23/921	203/18903	0.000148743028963338	0.00678550586516868	0.0057173312339284	ADM/BCL2/COL4A1/CSF1/FGF1/MYC/NOTCH1/PHB2/PRDM1/PTCH1/RBM15/RERE/RTN4/SALL1/SEMA3E/SOCS3/SOX10/SOX9/SPRY1/SPRY2/SRF/TBX2/TP63	23	GO Biological Process	co_bound_SE_genes
GO:0043534	blood vessel endothelial cell migration	21/921	177/18903	0.000149174029730315	0.00678550586516868	0.0057173312339284	ADTRP/EFNB2/ETS1/GADD45A/HDAC9/HSPB1/ID1/ITGB1/KLF4/MEF2C/NFE2L2/NOTCH1/PIK3R3/PRKCA/RHOJ/SCARB1/SP1/SPRED1/SRF/STARD13/STAT5A	21	GO Biological Process	co_bound_SE_genes
GO:0030183	B cell differentiation	19/921	152/18903	0.000153085757863267	0.00690442714701956	0.00581753192236858	BCL2/BCL6/CARD11/CMTM7/DOCK10/EP300/HDAC4/HDAC9/IRF2BP2/ITGB1/KLF6/LYL1/PIK3R3/PRKDC/RBPJ/TP53/TRAF3IP2/ZFP36L1/ZFP36L2	19	GO Biological Process	co_bound_SE_genes
GO:0050890	cognition	31/921	314/18903	0.000157409133883161	0.00698285867630688	0.00588361675687164	ADNP/ADORA1/ATXN1/BTG2/C12orf57/CEBPB/CIC/EP300/FOSL1/FOXB1/FYN/GHSR/GRIN2B/HOXA1/HTT/ITGB1/KMT2A/MAPK1/MEF2C/NDRG4/NEDD9/NIPBL/PJA2/PTN/PTPRZ1/RCAN1/SETD5/SPECC1/SRF/TANC1/VDAC1	31	GO Biological Process	co_bound_SE_genes
GO:2000736	regulation of stem cell differentiation	13/921	82/18903	0.000157448899127551	0.00698285867630688	0.00588361675687164	CDK6/GSK3B/HES1/HNRNPU/JAG1/NFE2L2/NOTCH1/PRKDC/PTN/SOX6/SOX9/STAT3/ZFP36L2	13	GO Biological Process	co_bound_SE_genes
GO:0060379	cardiac muscle cell myoblast differentiation	5/921	12/18903	0.00016142968192287	0.00710023774540095	0.00598251800775491	ITGB1/NOTCH1/RBPJ/SRF/TBX2	5	GO Biological Process	co_bound_SE_genes
GO:1901215	negative regulation of neuron death	24/921	218/18903	0.000168130915192178	0.00733436664469484	0.00617979032544157	ADNP/ATF4/BCL2/BTG2/CCND1/CEBPB/CSF1/FOXB1/GSK3B/HDGF/HSP90AB1/IL6ST/JUN/MEF2C/NR4A2/OXR1/PCDHGC5/PPARA/PTPRZ1/RETREG1/SEMA3E/SORL1/STAMBP/THAP11	24	GO Biological Process	co_bound_SE_genes
GO:0048511	rhythmic process	30/921	302/18903	0.000179153233683394	0.00762646842319942	0.00642590942914803	ADNP/ADORA1/AHR/ATF4/ATG7/BHLHE40/CBX3/CIPC/EP300/GSK3B/HAS2/HNRNPD/HNRNPL/HNRNPU/ID1/JUND/KLF9/KMT2A/NCOR2/PCNA/PER2/PHLPP1/PPARA/PPP1CB/PRKDC/PTN/SP1/SREBF1/TP53/TWIST1	30	GO Biological Process	co_bound_SE_genes
GO:0051973	positive regulation of telomerase activity	8/921	34/18903	0.000180311158080362	0.00762646842319942	0.00642590942914803	AURKB/HSP90AB1/KLF4/MAPK1/MYC/PNKP/PRKCQ/WRAP53	8	GO Biological Process	co_bound_SE_genes
GO:0060317	cardiac epithelial to mesenchymal transition	8/921	34/18903	0.000180311158080362	0.00762646842319942	0.00642590942914803	HAS2/HEY1/JAG1/NOTCH1/RBPJ/RTN4/SPRY1/TWIST1	8	GO Biological Process	co_bound_SE_genes
GO:0043524	negative regulation of neuron apoptotic process	19/921	154/18903	0.000181969869820667	0.00762646842319942	0.00642590942914803	ADNP/BCL2/BTG2/CCND1/CEBPB/FOXB1/HDGF/HSP90AB1/IL6ST/JUN/MEF2C/NR4A2/OXR1/PCDHGC5/PTPRZ1/RETREG1/SEMA3E/STAMBP/THAP11	19	GO Biological Process	co_bound_SE_genes
GO:0001655	urogenital system development	34/921	360/18903	0.000181992012353688	0.00762646842319942	0.00642590942914803	ASXL1/BCL2/BCL2L11/BMPER/COL4A1/EFNB2/FGF1/FOXB1/FREM2/HAS2/HES1/JAG1/MEF2C/MYC/MYO1E/NIPBL/NOTCH1/ODC1/POU3F3/PRDM1/PSAP/PSAPL1/PTCH1/SALL1/SMAD7/SOX11/SOX9/SPRY1/SULF2/TP63/TRAF3IP2/TREX1/WNT7B/WWTR1	34	GO Biological Process	co_bound_SE_genes
GO:0060560	developmental growth involved in morphogenesis	25/921	233/18903	0.000186258795758145	0.00770443437708786	0.00649160197915194	ADNP/CDH4/COBL/CSF1/DBN1/FGF1/GSK3B/HSP90AB1/ITGB1/LLPH/NOTCH1/NRCAM/NRN1/NRP2/RTN4/SALL1/SEMA3A/SEMA3B/SEMA3E/SOX9/SPRY1/SPRY2/SRF/TBX2/WNT7B	25	GO Biological Process	co_bound_SE_genes
GO:0003205	cardiac chamber development	20/921	167/18903	0.000187108077673503	0.00770443437708786	0.00649160197915194	ANK2/CITED2/FZD2/HES1/HEY1/JAG1/MATR3/MEF2C/NOTCH1/NRP2/PRDM1/RBM15/RBPJ/SALL1/SMAD7/SOX11/SRF/TBX2/TP53/ZFPM2	20	GO Biological Process	co_bound_SE_genes
GO:0046578	regulation of Ras protein signal transduction	22/921	193/18903	0.000188195503386212	0.00770443437708786	0.00649160197915194	ARFGEF1/BCL6/BCR/CDC42SE2/CSF1/CUL3/CYTH1/DENND4A/GABARAP/ITGB1/KANK1/KITLG/MYO9B/NOTCH1/PRAG1/PSD2/SPRY1/SPRY2/SPRY4/STAMBP/STARD13/STMN1	22	GO Biological Process	co_bound_SE_genes
GO:0010921	regulation of phosphatase activity	13/921	84/18903	0.000201915741378542	0.00820301966119543	0.00691169994594286	CALM1/CALM2/CALM3/CDK5RAP3/GNAI2/GSK3B/HSP90AB1/HTT/LGALS3/LPIN1/MEF2C/PTPA/RCAN1	13	GO Biological Process	co_bound_SE_genes
GO:0050767	regulation of neurogenesis	35/921	377/18903	0.000204956440779404	0.00826056544346981	0.00696018686864483	ADNP/ANXA2/BHLHE40/CDH4/CUX1/DBN1/DOCK7/FOXG1/FZD3/HES1/HEY1/HOXB3/ID1/IL6ST/ITGB1/MAN2A1/NOTCH1/PER2/PTN/PTPRZ1/RASSF10/RTN4/S100A10/SEMA3A/SEMA3B/SEMA3E/SLC7A5/SORL1/SOX10/SOX11/SPEN/SRF/SRRT/TP53/ZNF335	35	GO Biological Process	co_bound_SE_genes
GO:0043583	ear development	24/921	221/18903	0.000207063925454762	0.00826056544346981	0.00696018686864483	BCL2/BCL2L11/BCR/BMPER/FOXG1/FREM2/FZD2/FZD3/HES1/HOXA1/JAG1/LRIG3/MAPK1/NIPBL/NOTCH1/RBPJ/SOX2/SOX9/SPRY2/TBX2/TMC1/TRIOBP/TWIST1/ZEB1	24	GO Biological Process	co_bound_SE_genes
GO:0060537	muscle tissue development	38/921	422/18903	0.000207988682717955	0.00826056544346981	0.00696018686864483	ADAMTS9/ARID2/BCL2/BCL9/BCL9L/BTG2/CAV2/CITED2/CSRP1/CSRP2/DDX17/EFNB2/EP300/EYA2/HDAC9/HEY1/HIVEP3/HNRNPU/ITGB1/KDM6B/MEF2C/NDRG4/NOTCH1/NPPB/PPARA/PTCH1/RBPJ/RCAN1/SMAD7/SOX11/SOX6/SOX9/SRF/TBX2/TREX1/TWIST1/VGLL4/ZFPM2	38	GO Biological Process	co_bound_SE_genes
GO:0010595	positive regulation of endothelial cell migration	17/921	131/18903	0.000212804528421023	0.00838922740930876	0.00706859486217198	ATOH8/BCAR1/BCAS3/ETS1/FGF1/HDAC9/HSPB1/NFE2L2/NRP2/PRKCA/RHOB/RHOJ/RIN2/SCARB1/SP1/SPARC/STAT5A	17	GO Biological Process	co_bound_SE_genes
GO:2000573	positive regulation of DNA biosynthetic process	12/921	74/18903	0.000224420860701687	0.00877042243734141	0.0073897821521538	AURKB/CCT5/HSP90AB1/KLF4/MAPK1/MYC/PCNA/PNKP/PRKCQ/RFC3/USP1/WRAP53	12	GO Biological Process	co_bound_SE_genes
GO:0007015	actin filament organization	40/921	454/18903	0.000225769987582821	0.00877042243734141	0.0073897821521538	ACTR3/ADD2/AIF1L/ARFGEF1/ARHGAP12/ARPC5L/BCAR1/BCL2/CALD1/CDC42EP4/CLASP1/COBL/CORO1C/CORO2B/CUL3/DBN1/DIAPH1/DPYSL3/FSCN1/GHSR/GSN/ID1/KANK1/MARCKSL1/MYO1E/NEDD9/PICK1/PLEKHG2/PPM1F/PPP1R9A/PREX1/PXN/RHOB/S100A10/SHROOM3/SPTBN1/SRF/STMN1/TMSB10/TRIOBP	40	GO Biological Process	co_bound_SE_genes
GO:0010720	positive regulation of cell development	30/921	307/18903	0.000238448917928716	0.00919583435664224	0.00774822570843884	ADNP/BCL2/CDH4/CUX1/DBN1/FOXG1/FZD3/HAS2/HES1/IL6ST/ITGB1/MAN2A1/NEDD9/NOTCH1/PREX1/PRKDC/PTN/PTPRZ1/RASSF10/RFX3/S100A10/SLC7A5/SMAD7/SOX10/SOX11/SPEN/SRF/SRRT/TRIOBP/ZNF335	30	GO Biological Process	co_bound_SE_genes
GO:0002088	lens development in camera-type eye	13/921	86/18903	0.000256736169070996	0.00981540699536208	0.00827026519516653	ATF4/BCAR3/CITED2/CRYBA4/MEIS1/NECTIN3/SOX11/SPRED1/SPRED2/SPRY1/SPRY2/VIM/WNT7B	13	GO Biological Process	co_bound_SE_genes
GO:0048024	regulation of mRNA splicing, via spliceosome	15/921	109/18903	0.000258203115248157	0.00981540699536208	0.00827026519516653	CIRBP/DDX17/HNRNPA2B1/HNRNPL/HNRNPU/KHDRBS3/MBNL1/PTBP1/QKI/RBM15/RBM39/RBM7/SRSF3/TRA2B/ZC3H10	15	GO Biological Process	co_bound_SE_genes
GO:0051101	regulation of DNA binding	16/921	121/18903	0.000260144950136917	0.00981908811793384	0.00827336683526142	CALM1/CALM2/CALM3/DOT1L/EP300/HES1/HEY1/HMGA2/ID1/JUN/KLF4/PER2/SOX11/SRI/TWIST1/ZNF462	16	GO Biological Process	co_bound_SE_genes
GO:0005925	focal adhesion	49/951	422/19869	9.33821404469781e-09	3.97701124416236e-06	3.70409622951595e-06	ACTB/ACTR3/AFAP1/AIF1L/AJUBA/ARPC5L/BCAR1/BCAR3/CAPN2/CAV2/CDH2/CLASP1/CLTC/CNN3/CORO1C/CORO2B/CSRP1/CSRP2/DOCK7/EFNB2/FZD2/G3BP1/GNB2/GSN/HSPB1/ITGB1/ITGB8/LASP1/LIMD1/LPP/MAPK1/NEDD9/PPFIBP1/PPP1CB/PRAG1/PXN/RHOB/RPL37A/RSU1/SNTB1/SPRY4/STX16/TES/TLN1/TNS1/TNS3/TRIOBP/VIM/YWHAG	49	GO Cellular Component	co_bound_SE_genes
GO:0017053	transcription repressor complex	18/951	77/19869	1.67037874815959e-08	3.97701124416236e-06	3.70409622951595e-06	AKIRIN2/C1D/CCND1/DRAP1/HDAC4/HDGF/INSM1/JUN/JUND/MYC/NCOR2/PHF12/PRDM10/RBPJ/SP1/SPEN/TBL1XR1/TP53	18	GO Cellular Component	co_bound_SE_genes
GO:0030055	cell-substrate junction	49/951	432/19869	1.99182533096612e-08	3.97701124416236e-06	3.70409622951595e-06	ACTB/ACTR3/AFAP1/AIF1L/AJUBA/ARPC5L/BCAR1/BCAR3/CAPN2/CAV2/CDH2/CLASP1/CLTC/CNN3/CORO1C/CORO2B/CSRP1/CSRP2/DOCK7/EFNB2/FZD2/G3BP1/GNB2/GSN/HSPB1/ITGB1/ITGB8/LASP1/LIMD1/LPP/MAPK1/NEDD9/PPFIBP1/PPP1CB/PRAG1/PXN/RHOB/RPL37A/RSU1/SNTB1/SPRY4/STX16/TES/TLN1/TNS1/TNS3/TRIOBP/VIM/YWHAG	49	GO Cellular Component	co_bound_SE_genes
GO:0034399	nuclear periphery	24/951	145/19869	9.9694592523506e-08	1.4929265230395e-05	1.39047721151206e-05	ACTB/ANXA2/ARFGEF1/ARID2/ATF4/ATXN1/CEBPB/HES1/HNRNPA2B1/HNRNPU/LMNB2/MATR3/NCOR2/NUFIP1/PCNA/PHB2/RGS12/S100A10/SATB2/SMARCD1/SMARCD2/SPARC/TP53/VIM	24	GO Cellular Component	co_bound_SE_genes
GO:0090575	RNA polymerase II transcription regulator complex	32/951	249/19869	3.6885932577834e-07	4.41893472282452e-05	4.11569352973727e-05	ADNP/ANXA2/ATF4/BACH1/BCL9/BCL9L/CBX3/CEBPB/CREB3/DRAP1/FOSL1/FOSL2/GTF2A1/JUN/JUND/MAFG/MED25/MYC/NFE2L2/S100A10/SMAD7/STAT3/STAT5A/SUPT3H/TAF12/TAF13/TAF4/TCF4/TCF7/TEAD1/TLE3/TLE4	32	GO Cellular Component	co_bound_SE_genes
GO:0016363	nuclear matrix	21/951	126/19869	5.51354987258875e-07	5.5043606228011e-05	5.12663409205621e-05	ACTB/ANXA2/ARFGEF1/ARID2/ATXN1/CEBPB/HES1/HNRNPA2B1/HNRNPU/MATR3/NCOR2/NUFIP1/PHB2/RGS12/S100A10/SATB2/SMARCD1/SMARCD2/SPARC/TP53/VIM	21	GO Cellular Component	co_bound_SE_genes
GO:0030863	cortical cytoskeleton	17/951	108/19869	1.42619857169491e-05	0.00113790622146876	0.00105981951916078	ACTB/CALD1/CAPN2/CDH2/CLASP1/COBL/DBN1/EEF1A1/ERC1/GSN/LANCL2/LASP1/MYO1E/PCLO/PPP1R9A/SHROOM3/SPTBN1	17	GO Cellular Component	co_bound_SE_genes
GO:1990907	beta-catenin-TCF complex	6/951	13/19869	1.51974119728715e-05	0.00113790622146876	0.00105981951916078	BCL9/BCL9L/TCF4/TCF7/TLE3/TLE4	6	GO Cellular Component	co_bound_SE_genes
GO:0005938	cell cortex	33/951	312/19869	1.77857721864798e-05	0.00118374194885571	0.00110250985483442	ACTB/CALD1/CAPN2/CDH2/CLASP1/CLIC5/COBL/CORO1C/DBN1/EEF1A1/ERC1/EXOC3/FGF1/FMNL1/FNBP1L/FSCN1/GPSM2/GSN/INSC/LANCL2/LASP1/MYO10/MYO1E/MYO9B/NDFIP1/NEDD9/PCLO/PPP1R9A/PXN/RHOB/SHROOM3/SPTBN1/UNC13B	33	GO Cellular Component	co_bound_SE_genes
GO:0030864	cortical actin cytoskeleton	13/951	80/19869	0.000102079026931548	0.00611453371319972	0.00569493518670741	CALD1/CAPN2/CDH2/COBL/DBN1/EEF1A1/GSN/LANCL2/LASP1/MYO1E/PPP1R9A/SHROOM3/SPTBN1	13	GO Cellular Component	co_bound_SE_genes
GO:0001726	ruffle	21/951	178/19869	0.000126963573792242	0.00645033541729995	0.00600769312216672	AIF1L/ARHGEF4/BCAR1/CDK6/COBL/CORO1C/DIAPH1/EEF1A1/FSCN1/ITGB1/KANK1/MYO10/MYO9B/PSD2/RAB22A/SNX5/SPATA13/SPRY2/SPRY4/THEM4/TLN1	21	GO Cellular Component	co_bound_SE_genes
GO:0005912	adherens junction	21/951	179/19869	0.000137495189159383	0.00645033541729995	0.00600769312216672	ACTB/AFDN/AJUBA/ANXA2/CDC42EP4/CDH2/CDHR3/CNN3/CYTH1/EFNB2/EIF4G2/FRMD5/JAG1/LIMD1/MAGI1/MYO1E/NECTIN3/NOTCH1/SHROOM3/SMAD7/TLN1	21	GO Cellular Component	co_bound_SE_genes
GO:0031252	cell leading edge	38/951	421/19869	0.000139990585016526	0.00645033541729995	0.00600769312216672	ACTB/ACTG2/ACTR3/ADORA1/AIF1L/AJUBA/ARHGEF4/ATF4/BCAR1/BCAS3/CDH2/CDK6/COBL/CORO1C/DBN1/DIAPH1/DPP9/DPYSL3/EEF1A1/FSCN1/GSN/ITGB1/KANK1/KITLG/MYO10/MYO9B/NEDD9/PSD2/PXN/RAB22A/SNX5/SPATA13/SPRY2/SPRY4/SPTBN1/THEM4/TLN1/VIM	38	GO Cellular Component	co_bound_SE_genes
GO:0045121	membrane raft	31/951	326/19869	0.000226492703517921	0.00954667880002053	0.00889155568756855	ADD2/ADTRP/ANK2/ANXA2/ATP1A1/CAPN2/CARD11/CAV2/CDH2/CORO1C/FYN/GHSR/GNAI2/GPM6B/HAS2/IL6ST/ITGB1/LRP6/MAPK1/NOS1AP/PAG1/PTCH1/RGMB/S100A10/SCARB1/SELPLG/SPRED1/STOML3/TRPM8/VDAC1/ZAP70	31	GO Cellular Component	co_bound_SE_genes
GO:0098857	membrane microdomain	31/951	327/19869	0.000239065412354437	0.00954667880002053	0.00889155568756855	ADD2/ADTRP/ANK2/ANXA2/ATP1A1/CAPN2/CARD11/CAV2/CDH2/CORO1C/FYN/GHSR/GNAI2/GPM6B/HAS2/IL6ST/ITGB1/LRP6/MAPK1/NOS1AP/PAG1/PTCH1/RGMB/S100A10/SCARB1/SELPLG/SPRED1/STOML3/TRPM8/VDAC1/ZAP70	31	GO Cellular Component	co_bound_SE_genes
GO:0140297	DNA-binding transcription factor binding	62/941	476/18432	1.03823277850674e-11	9.52059457890676e-09	8.73208410554612e-09	ACTB/AHR/ARID1A/ASXL1/ATF4/ATOH8/BCAS3/BCL2/BCL6/BHLHE40/C1D/CDK5RAP3/CEBPB/CITED2/CXXC5/EP300/ETS1/GSK3B/GTF2A1/GTF2I/HDAC4/HDAC9/HES1/HEY1/HMGA2/HSPB1/JUN/JUND/KLF4/MED25/MEF2C/MYC/NCOR2/NFE2L2/NR4A2/PCNA/PHB2/PPARA/PRKDC/PTMA/RBPJ/SETD6/SOX10/SOX9/SP1/SPEN/SRF/SRI/STAT3/TACC1/TAF12/TAF4/TBX2/TLE4/TP53/TP53BP2/TRIB2/TRIM24/TWIST1/WBP2/ZFPM2/ZMYND8	62	GO Molecular Function	co_bound_SE_genes
GO:0061629	RNA polymerase II-specific DNA-binding transcription factor binding	48/941	350/18432	4.11711469643294e-10	1.8876970883145e-07	1.73135507497364e-07	ACTB/AHR/ARID1A/ASXL1/ATF4/BCAS3/BHLHE40/C1D/CDK5RAP3/CEBPB/CITED2/EP300/ETS1/GSK3B/GTF2A1/GTF2I/HDAC4/HDAC9/HES1/HEY1/HMGA2/HSPB1/JUN/JUND/KLF4/MED25/MEF2C/NCOR2/NFE2L2/NR4A2/PCNA/PHB2/PPARA/PRKDC/RBPJ/SETD6/SP1/SPEN/SRF/STAT3/TACC1/TAF4/TP53/TP53BP2/TRIB2/TRIM24/WBP2/ZFPM2	48	GO Molecular Function	co_bound_SE_genes
GO:0001228	DNA-binding transcription activator activity, RNA polymerase II-specific	52/941	468/18432	1.13319259775103e-07	2.7278347211044e-05	2.50191120032419e-05	ATF4/BACH1/CEBPB/CREB3/DMRT1/ETS1/ETV1/ETV5/ETV6/FOSL1/FOSL2/GLIS3/GMEB1/GTF2I/HOXA1/HOXB3/JUN/JUND/KLF4/KLF6/MAFG/MECOM/MEF2C/MEIS1/MYBL1/MYC/NFE2L2/NR4A2/NRF1/POU3F2/PPARA/RBPJ/SATB2/SOX10/SOX11/SOX2/SOX21/SOX9/SP1/SREBF1/SRF/STAT3/TCF4/TFCP2L1/THAP11/TP53/TP63/VEZF1/ZFAT/ZNF131/ZNF143/ZNF48	52	GO Molecular Function	co_bound_SE_genes
GO:0003714	transcription corepressor activity	29/941	191/18432	1.36112579269108e-07	2.7278347211044e-05	2.50191120032419e-05	AJUBA/ATF7IP/BTG2/C1D/CCND1/CITED2/DNAJB1/DRAP1/HDAC9/HDGF/HMGA2/HNRNPU/IRF2BP2/IRF2BPL/KCTD1/LIMD1/NCOR2/PHF12/RCOR2/RERE/SFMBT2/SPEN/TBL1XR1/TLE3/TLE4/TOB1/WWTR1/ZFPM2/ZMYND8	29	GO Molecular Function	co_bound_SE_genes
GO:0001216	DNA-binding transcription activator activity	52/941	472/18432	1.48736898642552e-07	2.7278347211044e-05	2.50191120032419e-05	ATF4/BACH1/CEBPB/CREB3/DMRT1/ETS1/ETV1/ETV5/ETV6/FOSL1/FOSL2/GLIS3/GMEB1/GTF2I/HOXA1/HOXB3/JUN/JUND/KLF4/KLF6/MAFG/MECOM/MEF2C/MEIS1/MYBL1/MYC/NFE2L2/NR4A2/NRF1/POU3F2/PPARA/RBPJ/SATB2/SOX10/SOX11/SOX2/SOX21/SOX9/SP1/SREBF1/SRF/STAT3/TCF4/TFCP2L1/THAP11/TP53/TP63/VEZF1/ZFAT/ZNF131/ZNF143/ZNF48	52	GO Molecular Function	co_bound_SE_genes
GO:0001221	transcription coregulator binding	20/941	109/18432	5.65213723441816e-07	8.63834973993576e-05	7.92290815842125e-05	AHR/BCL6/CBX3/CREB3/EP300/ETS1/HDGF/HES1/JUND/MED25/MYC/NFE2L2/PER2/PHF12/PPARA/SP1/SREBF1/TWIST1/UBE2I/VGLL4	20	GO Molecular Function	co_bound_SE_genes
GO:0008013	beta-catenin binding	17/941	87/18432	1.58914967246341e-06	0.000208178607092706	0.000190936930571167	AMER3/BCL9/BCL9L/CDH2/EP300/GSK3B/KANK1/KDM6B/KLF4/NR4A2/PXN/SALL1/SMAD7/SOX9/TBL1XR1/TCF4/TCF7	17	GO Molecular Function	co_bound_SE_genes
GO:0001217	DNA-binding transcription repressor activity	37/941	327/18432	5.01099164746119e-06	0.000574384917590239	0.00052681346398967	BACH1/BCL6/BHLHE40/CEBPB/ETV6/FOXD3/FOXK1/GLIS3/HDGF/HES1/HEY1/INSM1/JUN/MYC/NACC2/NFX1/NR2F1/PPARA/PRDM1/SALL1/SOX6/SREBF2/TBX2/TCF7/TGIF1/THAP11/TP53/TRPS1/ZBTB2/ZBTB20/ZBTB4/ZEB1/ZNF131/ZNF217/ZNF3/ZNF425/ZNF436	37	GO Molecular Function	co_bound_SE_genes
GO:0001227	DNA-binding transcription repressor activity, RNA polymerase II-specific	35/941	323/18432	2.27910198790782e-05	0.00232215169212386	0.00212982747174076	BACH1/BCL6/BHLHE40/CEBPB/ETV6/FOXD3/FOXK1/GLIS3/HDGF/HES1/HEY1/INSM1/JUN/MYC/NACC2/NFX1/NR2F1/PPARA/PRDM1/SALL1/SREBF2/TBX2/TGIF1/THAP11/TP53/TRPS1/ZBTB2/ZBTB20/ZBTB4/ZEB1/ZNF131/ZNF217/ZNF3/ZNF425/ZNF436	35	GO Molecular Function	co_bound_SE_genes
GO:0045296	cadherin binding	35/941	333/18432	4.3119655647969e-05	0.00395407242291876	0.00362658998555023	AFDN/ANXA2/ATXN2L/BZW2/CALD1/CDH2/CDH4/CDHR3/CNN3/DBN1/DNAJB1/EEF1G/EIF4G2/EIF5/ERC1/EXOC3/FASN/FMNL2/FNBP1L/FSCN1/HSP90AB1/ITGB1/LASP1/MICALL1/PPFIBP1/PPL/PTPN1/RPL29/RTN4/SCYL1/SH3GL1/SNX5/SPTBN1/TES/TLN1	35	GO Molecular Function	co_bound_SE_genes
GO:0051015	actin filament binding	26/941	219/18432	5.53199803347652e-05	0.00461167472427088	0.00422972863994999	ACTR3/ACTR3C/ADD2/AFDN/AIF1L/AJUBA/ARPC5L/CORO1C/CORO2B/DBN1/FMNL1/FMNL2/FMNL3/FSCN1/GSN/LASP1/MARCKSL1/MYO10/MYO1E/MYO9B/PICK1/PPP1R9A/SHROOM3/SPTBN1/TLN1/TRIOBP	26	GO Molecular Function	co_bound_SE_genes
GO:0140296	general transcription initiation factor binding	11/941	53/18432	6.13239193864651e-05	0.00468616950644904	0.00429805364822681	AHR/ATF4/DRAP1/GTF2A1/HNRNPU/JUN/TAF12/TAF13/TCF4/TP53/ZNHIT6	11	GO Molecular Function	co_bound_SE_genes
GO:0042826	histone deacetylase binding	18/941	128/18432	8.84152945764807e-05	0.00623667885589483	0.00572014739810592	CCND1/CEBPB/HDAC4/HDAC9/HES1/HNRNPD/HSP90AB1/INSM1/MEF2C/NACC2/NCOR2/NIPBL/PRDM1/SATB2/SP1/SRF/TBX2/TP53	18	GO Molecular Function	co_bound_SE_genes
GO:0097371	MDM2/MDM4 family protein binding	5/941	11/18432	0.00012245964422395	0.00802110669666874	0.00735678614548392	CDK5RAP3/PPARA/RPL37/TP53/TP63	5	GO Molecular Function	co_bound_SE_genes
DOID:5520	head and neck squamous cell carcinoma	27/610	208/10312	9.38535886184854e-05	0.0132255910880281	0.0112131777809618	ALDH1A1/ARHGEF12/BCL2/CAV2/CCND1/CCNL1/CSF1/FANCC/IL6ST/ING1/ITGB1/KLF4/LIMD1/MYC/NEDD9/NOTCH1/PREP/SERPINE1/SLC7A5/SOCS3/SOX2/STAT3/TGFA/TP53/TP63/VAV2/WRAP53	27	Disease Ontology	co_bound_SE_genes
DOID:3620	central nervous system cancer	25/610	191/10312	0.000147985515143474	0.0132255910880281	0.0112131777809618	ARL4D/AURKB/BCL2/BCR/CARD11/CCND1/CDK6/DPP9/ETV6/FASN/GADD45A/GPSM2/HES1/HNRNPL/INSM1/MMP7/MN1/MYC/NOTCH1/PCNA/PRKCA/PTCH1/SPARC/TP53/YWHAG	25	Disease Ontology	co_bound_SE_genes
DOID:3070	high grade glioma	38/610	347/10312	0.000166872359697837	0.0132255910880281	0.0112131777809618	ACTR3/ARL4A/ATG7/BCL2/BCL2L11/CALD1/CAV2/CCND1/CDK6/CEBPB/CHAF1A/CSF1/FABP7/FSCN1/IL6ST/ING1/ITGB1/JUN/LGALS3/MCM7/MMP7/MYC/NDRG4/NRP2/PIK3R3/PRKCA/PTN/PTPRZ1/RHOB/SEMA3A/SERPINE1/SH3GL1/SLC7A5/SOX6/STAT3/STAT5A/STMN1/TP53	38	Disease Ontology	co_bound_SE_genes
DOID:3717	gastric adenocarcinoma	18/610	119/10312	0.000205845775689153	0.0132255910880281	0.0112131777809618	ARID1A/BCL2/CCND1/HSPB1/JUN/KLF4/KMT2D/MAPK1/MYC/PCNA/PMEPA1/PTMA/PTPRZ1/S100A2/SLC7A5/STAT3/TGFA/TP53	18	Disease Ontology	co_bound_SE_genes
DOID:11934	head and neck cancer	31/610	276/10312	0.000423975508061669	0.0200785661106158	0.0170234003067682	ALDH1A1/ARHGEF12/BCL2/CAV2/CCND1/CCNL1/COL18A1/CSF1/FANCC/IL6ST/ING1/ITGB1/JAG1/KLF4/LIMD1/MYC/NEDD9/NOTCH1/PREP/SERPINE1/SLC7A5/SOCS3/SOX2/SPECC1/STAT3/STAT5A/TGFA/TP53/TP63/VAV2/WRAP53	31	Disease Ontology	co_bound_SE_genes
DOID:1542	head and neck carcinoma	30/610	269/10312	0.00058832719939668	0.0200785661106158	0.0170234003067682	ALDH1A1/ARHGEF12/BCL2/CAV2/CCND1/CCNL1/COL18A1/CSF1/FANCC/IL6ST/ING1/ITGB1/KLF4/LIMD1/MYC/NEDD9/NOTCH1/PREP/SERPINE1/SLC7A5/SOCS3/SOX2/SPECC1/STAT3/STAT5A/TGFA/TP53/TP63/VAV2/WRAP53	30	Disease Ontology	co_bound_SE_genes
DOID:3068	glioblastoma	18/610	130/10312	0.000620950117816974	0.0200785661106158	0.0170234003067682	ACTR3/BCL2/BCL2L11/CCND1/CDK6/FABP7/ING1/LGALS3/MMP7/MYC/NDRG4/PTN/PTPRZ1/RHOB/SLC7A5/STAT3/STAT5A/TP53	18	Disease Ontology	co_bound_SE_genes
DOID:2621	autonomic nervous system neoplasm	39/610	386/10312	0.00070314044745347	0.0200785661106158	0.0170234003067682	ARID1A/AURKB/BCL2/BCL2L11/BTG2/CCND1/CHAF1A/DUSP1/FYN/GMEB1/GSK3B/HEY1/HSPB1/ID1/ING1/ITGB1/JUN/KCNH2/KLF4/MAPK1/MCM7/MTFP1/MYC/NEDD9/NOTCH1/ODC1/PREP/PRKCA/PTCH1/PTN/SCG2/SHC3/SNRPE/SP1/SPRY2/STAT3/TGFA/TP53/VIM	39	Disease Ontology	co_bound_SE_genes
DOID:769	neuroblastoma	39/610	386/10312	0.00070314044745347	0.0200785661106158	0.0170234003067682	ARID1A/AURKB/BCL2/BCL2L11/BTG2/CCND1/CHAF1A/DUSP1/FYN/GMEB1/GSK3B/HEY1/HSPB1/ID1/ING1/ITGB1/JUN/KCNH2/KLF4/MAPK1/MCM7/MTFP1/MYC/NEDD9/NOTCH1/ODC1/PREP/PRKCA/PTCH1/PTN/SCG2/SHC3/SNRPE/SP1/SPRY2/STAT3/TGFA/TP53/VIM	39	Disease Ontology	co_bound_SE_genes
DOID:3910	lung adenocarcinoma	29/610	263/10312	0.000866283427167856	0.0222634840782139	0.0188758599393417	AHR/ARID1A/BHLHE40/CCND1/CDK5RAP3/CDK6/DUSP4/ETS1/EYA2/HSPB1/IL6ST/ITGB1/KLF6/LGALS3/MAPK1/MYC/NOTCH1/PRDM1/PTCH1/PTN/PXN/S100A2/SLC7A5/SNRPE/SOX9/STMN1/TP53/TP63/WRAP53	29	Disease Ontology	co_bound_SE_genes
