prim_db	prim_id	prim_alt	prim_cons	sec_db	sec_id	sec_alt	sec_cons	trim_left	trim_right	red_db	red_id	red_alt	E-value	gap	orient	count	total	adj_p-value	p-value
SOX_monomer_motif_at_SOX2_peaks_within_co_bound_ENH.txt	NBYCWTTGTK	MEME-1	NBYCWTTGTK	JASPAR2022_CORE_vertebrates_non-redundant_v2	MA0078.2	Sox17	NNAGAACAATGGNN	2	2	.	.	.	4.83e-11	2	0	18	534	2.04e-18	1.84e-17
SOX_monomer_motif_at_SOX2_peaks_within_co_bound_ENH.txt	NBYCWTTGTK	MEME-1	NBYCWTTGTK	JASPAR2022_CORE_vertebrates_non-redundant_v2	MA0078.2	Sox17	NNAGAACAATGGNN	2	2	.	.	.	4.83e-11	2	4	20	534	1.97e-15	1.78e-14
SOX_monomer_motif_at_SOX2_peaks_within_co_bound_ENH.txt	NBYCWTTGTK	MEME-1	NBYCWTTGTK	JASPAR2022_CORE_vertebrates_non-redundant_v2	MA0078.2	Sox17	NNAGAACAATGGNN	2	2	.	.	.	4.83e-11	2	5	18	534	2.25e-13	2.03e-12
SOX_monomer_motif_at_SOX2_peaks_within_co_bound_ENH.txt	NBYCWTTGTK	MEME-1	NBYCWTTGTK	JASPAR2022_CORE_vertebrates_non-redundant_v2	MA0078.2	Sox17	NNAGAACAATGGNN	2	2	.	.	.	4.83e-11	2	8	21	534	6.34e-11	5.70e-10
SOX_monomer_motif_at_SOX2_peaks_within_co_bound_ENH.txt	NBYCWTTGTK	MEME-1	NBYCWTTGTK	JASPAR2022_CORE_vertebrates_non-redundant_v2	MA0087.2	Sox5	VRVAACAATGGNN	3	2	JASPAR2022_CORE_vertebrates_non-redundant_v2	MA0078.2	Sox17	2.30e-10	2	0	15	330	9.59e-18	8.63e-17
SOX_monomer_motif_at_SOX2_peaks_within_co_bound_ENH.txt	NBYCWTTGTK	MEME-1	NBYCWTTGTK	JASPAR2022_CORE_vertebrates_non-redundant_v2	MA0087.2	Sox5	VRVAACAATGGNN	3	2	JASPAR2022_CORE_vertebrates_non-redundant_v2	MA0078.2	Sox17	2.30e-10	2	5	18	330	5.06e-17	4.55e-16
SOX_monomer_motif_at_SOX2_peaks_within_co_bound_ENH.txt	NBYCWTTGTK	MEME-1	NBYCWTTGTK	JASPAR2022_CORE_vertebrates_non-redundant_v2	MA0087.2	Sox5	VRVAACAATGGNN	3	2	JASPAR2022_CORE_vertebrates_non-redundant_v2	MA0078.2	Sox17	2.30e-10	2	4	16	330	1.29e-14	1.16e-13
SOX_monomer_motif_at_SOX2_peaks_within_co_bound_ENH.txt	NBYCWTTGTK	MEME-1	NBYCWTTGTK	JASPAR2022_CORE_vertebrates_non-redundant_v2	MA0087.2	Sox5	VRVAACAATGGNN	3	2	JASPAR2022_CORE_vertebrates_non-redundant_v2	MA0078.2	Sox17	2.30e-10	2	8	19	330	5.42e-13	4.88e-12
SOX_monomer_motif_at_SOX2_peaks_within_co_bound_ENH.txt	NBYCWTTGTK	MEME-1	NBYCWTTGTK	JASPAR2022_CORE_vertebrates_non-redundant_v2	MA0087.2	Sox5	VRVAACAATGGNN	3	2	JASPAR2022_CORE_vertebrates_non-redundant_v2	MA0078.2	Sox17	2.30e-10	1	0	7	330	2.69e-07	2.42e-06
SOX_monomer_motif_at_SOX2_peaks_within_co_bound_ENH.txt	NBYCWTTGTK	MEME-1	NBYCWTTGTK	JASPAR2022_CORE_vertebrates_non-redundant_v2	MA0143.4	SOX2	DNACAATGGNN	2	2	JASPAR2022_CORE_vertebrates_non-redundant_v2	MA0078.2	Sox17	3.16e-09	2	0	16	487	1.31e-16	1.18e-15
SOX_monomer_motif_at_SOX2_peaks_within_co_bound_ENH.txt	NBYCWTTGTK	MEME-1	NBYCWTTGTK	JASPAR2022_CORE_vertebrates_non-redundant_v2	MA0143.4	SOX2	DNACAATGGNN	2	2	JASPAR2022_CORE_vertebrates_non-redundant_v2	MA0078.2	Sox17	3.16e-09	2	5	17	487	3.82e-13	3.43e-12
SOX_monomer_motif_at_SOX2_peaks_within_co_bound_ENH.txt	NBYCWTTGTK	MEME-1	NBYCWTTGTK	JASPAR2022_CORE_vertebrates_non-redundant_v2	MA0143.4	SOX2	DNACAATGGNN	2	2	JASPAR2022_CORE_vertebrates_non-redundant_v2	MA0078.2	Sox17	3.16e-09	2	4	16	487	3.98e-12	3.58e-11
SOX_monomer_motif_at_SOX2_peaks_within_co_bound_ENH.txt	NBYCWTTGTK	MEME-1	NBYCWTTGTK	JASPAR2022_CORE_vertebrates_non-redundant_v2	MA0143.4	SOX2	DNACAATGGNN	2	2	JASPAR2022_CORE_vertebrates_non-redundant_v2	MA0078.2	Sox17	3.16e-09	2	8	17	487	1.08e-08	9.68e-08
SOX_monomer_motif_at_SOX2_peaks_within_co_bound_ENH.txt	NBYCWTTGTK	MEME-1	NBYCWTTGTK	JASPAR2022_CORE_vertebrates_non-redundant_v2	MA1562.1	SOX14	CCGAACAATG	1	0	JASPAR2022_CORE_vertebrates_non-redundant_v2	MA0078.2	Sox17	1.03e-07	3	0	12	242	4.33e-15	3.90e-14
SOX_monomer_motif_at_SOX2_peaks_within_co_bound_ENH.txt	NBYCWTTGTK	MEME-1	NBYCWTTGTK	JASPAR2022_CORE_vertebrates_non-redundant_v2	MA1562.1	SOX14	CCGAACAATG	1	0	JASPAR2022_CORE_vertebrates_non-redundant_v2	MA0078.2	Sox17	1.03e-07	3	5	13	242	7.59e-13	6.83e-12
SOX_monomer_motif_at_SOX2_peaks_within_co_bound_ENH.txt	NBYCWTTGTK	MEME-1	NBYCWTTGTK	JASPAR2022_CORE_vertebrates_non-redundant_v2	MA1562.1	SOX14	CCGAACAATG	1	0	JASPAR2022_CORE_vertebrates_non-redundant_v2	MA0078.2	Sox17	1.03e-07	3	4	12	242	1.22e-11	1.10e-10
SOX_monomer_motif_at_SOX2_peaks_within_co_bound_ENH.txt	NBYCWTTGTK	MEME-1	NBYCWTTGTK	JASPAR2022_CORE_vertebrates_non-redundant_v2	MA1562.1	SOX14	CCGAACAATG	1	0	JASPAR2022_CORE_vertebrates_non-redundant_v2	MA0078.2	Sox17	1.03e-07	3	8	15	242	3.62e-11	3.26e-10
SOX_monomer_motif_at_SOX2_peaks_within_co_bound_ENH.txt	NBYCWTTGTK	MEME-1	NBYCWTTGTK	JASPAR2022_CORE_vertebrates_non-redundant_v2	MA0077.1	SOX9	CYATTGTTY	0	1	JASPAR2022_CORE_vertebrates_non-redundant_v2	MA0078.2	Sox17	1.95e-06	2	1	14	504	8.13e-14	7.31e-13
SOX_monomer_motif_at_SOX2_peaks_within_co_bound_ENH.txt	NBYCWTTGTK	MEME-1	NBYCWTTGTK	JASPAR2022_CORE_vertebrates_non-redundant_v2	MA0077.1	SOX9	CYATTGTTY	0	1	JASPAR2022_CORE_vertebrates_non-redundant_v2	MA0078.2	Sox17	1.95e-06	2	6	15	504	6.82e-11	6.14e-10
SOX_monomer_motif_at_SOX2_peaks_within_co_bound_ENH.txt	NBYCWTTGTK	MEME-1	NBYCWTTGTK	JASPAR2022_CORE_vertebrates_non-redundant_v2	MA0077.1	SOX9	CYATTGTTY	0	1	JASPAR2022_CORE_vertebrates_non-redundant_v2	MA0078.2	Sox17	1.95e-06	2	4	14	504	6.00e-10	5.40e-09
SOX_monomer_motif_at_SOX2_peaks_within_co_bound_ENH.txt	NBYCWTTGTK	MEME-1	NBYCWTTGTK	JASPAR2022_CORE_vertebrates_non-redundant_v2	MA0077.1	SOX9	CYATTGTTY	0	1	JASPAR2022_CORE_vertebrates_non-redundant_v2	MA0078.2	Sox17	1.95e-06	2	8	15	504	4.54e-07	4.09e-06
SOX_monomer_motif_at_SOX2_peaks_within_co_bound_ENH.txt	NBYCWTTGTK	MEME-1	NBYCWTTGTK	JASPAR2022_CORE_vertebrates_non-redundant_v2	MA0868.2	SOX8	MGAACAATRG	2	1	JASPAR2022_CORE_vertebrates_non-redundant_v2	MA0078.2	Sox17	4.47e-06	3	0	13	433	1.85e-13	1.67e-12
SOX_monomer_motif_at_SOX2_peaks_within_co_bound_ENH.txt	NBYCWTTGTK	MEME-1	NBYCWTTGTK	JASPAR2022_CORE_vertebrates_non-redundant_v2	MA0868.2	SOX8	MGAACAATRG	2	1	JASPAR2022_CORE_vertebrates_non-redundant_v2	MA0078.2	Sox17	4.47e-06	3	5	14	433	8.01e-11	7.21e-10
SOX_monomer_motif_at_SOX2_peaks_within_co_bound_ENH.txt	NBYCWTTGTK	MEME-1	NBYCWTTGTK	JASPAR2022_CORE_vertebrates_non-redundant_v2	MA0868.2	SOX8	MGAACAATRG	2	1	JASPAR2022_CORE_vertebrates_non-redundant_v2	MA0078.2	Sox17	4.47e-06	3	4	13	433	7.72e-10	6.95e-09
SOX_monomer_motif_at_SOX2_peaks_within_co_bound_ENH.txt	NBYCWTTGTK	MEME-1	NBYCWTTGTK	JASPAR2022_CORE_vertebrates_non-redundant_v2	MA0868.2	SOX8	MGAACAATRG	2	1	JASPAR2022_CORE_vertebrates_non-redundant_v2	MA0078.2	Sox17	4.47e-06	3	8	15	433	6.55e-08	5.89e-07
SOX_monomer_motif_at_SOX2_peaks_within_co_bound_ENH.txt	NBYCWTTGTK	MEME-1	NBYCWTTGTK	jolma2013	FOXJ2_DBD_2	.	RTAAACAA	0	0	jolma2013	MA0078.2	Sox17	5.84e-04	5	0	16	1089	2.43e-11	2.19e-10
SOX_monomer_motif_at_SOX2_peaks_within_co_bound_ENH.txt	NBYCWTTGTK	MEME-1	NBYCWTTGTK	jolma2013	FOXJ2_DBD_2	.	RTAAACAA	0	0	jolma2013	MA0078.2	Sox17	5.84e-04	5	5	21	1089	7.99e-11	7.19e-10
SOX_monomer_motif_at_SOX2_peaks_within_co_bound_ENH.txt	NBYCWTTGTK	MEME-1	NBYCWTTGTK	jolma2013	FOXJ2_DBD_2	.	RTAAACAA	0	0	jolma2013	MA0078.2	Sox17	5.84e-04	5	4	19	1089	2.43e-09	2.19e-08
SOX_monomer_motif_at_SOX2_peaks_within_co_bound_ENH.txt	NBYCWTTGTK	MEME-1	NBYCWTTGTK	jolma2013	FOXJ2_DBD_2	.	RTAAACAA	0	0	jolma2013	MA0078.2	Sox17	5.84e-04	5	8	24	1089	1.62e-07	1.46e-06
SOX_monomer_motif_at_SOX2_peaks_within_co_bound_ENH.txt	NBYCWTTGTK	MEME-1	NBYCWTTGTK	jolma2013	FOXJ2_DBD_2	.	RTAAACAA	0	0	jolma2013	MA0078.2	Sox17	5.84e-04	39	1	10	1089	3.35e-06	3.01e-05
SOX_monomer_motif_at_SOX2_peaks_within_co_bound_ENH.txt	NBYCWTTGTK	MEME-1	NBYCWTTGTK	jolma2013	SOX9_DBD	.	DAACAATRG	1	1	jolma2013	MA0078.2	Sox17	1.48e-03	3	0	11	438	6.12e-11	5.51e-10
SOX_monomer_motif_at_SOX2_peaks_within_co_bound_ENH.txt	NBYCWTTGTK	MEME-1	NBYCWTTGTK	jolma2013	SOX9_DBD	.	DAACAATRG	1	1	jolma2013	MA0078.2	Sox17	1.48e-03	3	5	12	438	7.82e-09	7.03e-08
SOX_monomer_motif_at_SOX2_peaks_within_co_bound_ENH.txt	NBYCWTTGTK	MEME-1	NBYCWTTGTK	jolma2013	SOX9_DBD	.	DAACAATRG	1	1	jolma2013	MA0078.2	Sox17	1.48e-03	3	4	11	438	6.37e-08	5.74e-07
SOX_monomer_motif_at_SOX2_peaks_within_co_bound_ENH.txt	NBYCWTTGTK	MEME-1	NBYCWTTGTK	jolma2013	SOX9_DBD	.	DAACAATRG	1	1	jolma2013	MA0078.2	Sox17	1.48e-03	3	8	13	438	1.86e-06	1.67e-05
SOX_monomer_motif_at_SOX2_peaks_within_co_bound_ENH.txt	NBYCWTTGTK	MEME-1	NBYCWTTGTK	jolma2013	Foxj3_DBD_3	.	RTAAACAA	0	0	jolma2013	MA0078.2	Sox17	2.44e-03	5	0	15	1032	1.02e-10	9.15e-10
SOX_monomer_motif_at_SOX2_peaks_within_co_bound_ENH.txt	NBYCWTTGTK	MEME-1	NBYCWTTGTK	jolma2013	Foxj3_DBD_3	.	RTAAACAA	0	0	jolma2013	MA0078.2	Sox17	2.44e-03	5	5	19	1032	1.05e-09	9.43e-09
SOX_monomer_motif_at_SOX2_peaks_within_co_bound_ENH.txt	NBYCWTTGTK	MEME-1	NBYCWTTGTK	jolma2013	Foxj3_DBD_3	.	RTAAACAA	0	0	jolma2013	MA0078.2	Sox17	2.44e-03	5	4	17	1032	2.90e-08	2.61e-07
SOX_monomer_motif_at_SOX2_peaks_within_co_bound_ENH.txt	NBYCWTTGTK	MEME-1	NBYCWTTGTK	jolma2013	Foxj3_DBD_3	.	RTAAACAA	0	0	jolma2013	MA0078.2	Sox17	2.44e-03	5	8	21	1032	2.28e-06	2.05e-05
SOX_monomer_motif_at_SOX2_peaks_within_co_bound_ENH.txt	NBYCWTTGTK	MEME-1	NBYCWTTGTK	JASPAR2022_CORE_vertebrates_non-redundant_v2	MA1563.2	SOX18	AACAATDV	0	0	JASPAR2022_CORE_vertebrates_non-redundant_v2	MA0078.2	Sox17	2.47e-03	2	0	13	721	1.03e-10	9.28e-10
SOX_monomer_motif_at_SOX2_peaks_within_co_bound_ENH.txt	NBYCWTTGTK	MEME-1	NBYCWTTGTK	JASPAR2022_CORE_vertebrates_non-redundant_v2	MA1563.2	SOX18	AACAATDV	0	0	JASPAR2022_CORE_vertebrates_non-redundant_v2	MA0078.2	Sox17	2.47e-03	2	4	15	721	7.72e-09	6.94e-08
SOX_monomer_motif_at_SOX2_peaks_within_co_bound_ENH.txt	NBYCWTTGTK	MEME-1	NBYCWTTGTK	JASPAR2022_CORE_vertebrates_non-redundant_v2	MA1563.2	SOX18	AACAATDV	0	0	JASPAR2022_CORE_vertebrates_non-redundant_v2	MA0078.2	Sox17	2.47e-03	2	5	15	721	7.72e-09	6.94e-08
SOX_monomer_motif_at_SOX2_peaks_within_co_bound_ENH.txt	NBYCWTTGTK	MEME-1	NBYCWTTGTK	JASPAR2022_CORE_vertebrates_non-redundant_v2	MA1563.2	SOX18	AACAATDV	0	0	JASPAR2022_CORE_vertebrates_non-redundant_v2	MA0078.2	Sox17	2.47e-03	2	8	17	721	2.23e-06	2.00e-05
SOX_monomer_motif_at_SOX2_peaks_within_co_bound_ENH.txt	NBYCWTTGTK	MEME-1	NBYCWTTGTK	uniprobe_mouse	UP00069_2	Sox1_secondary	NYRTAATTGTTAKYV	3	3	uniprobe_mouse	MA0078.2	Sox17	5.07e-03	2	1	13	761	2.13e-10	1.92e-09
SOX_monomer_motif_at_SOX2_peaks_within_co_bound_ENH.txt	NBYCWTTGTK	MEME-1	NBYCWTTGTK	uniprobe_mouse	UP00069_2	Sox1_secondary	NYRTAATTGTTAKYV	3	3	uniprobe_mouse	MA0078.2	Sox17	5.07e-03	2	6	15	761	1.68e-08	1.51e-07
SOX_monomer_motif_at_SOX2_peaks_within_co_bound_ENH.txt	NBYCWTTGTK	MEME-1	NBYCWTTGTK	uniprobe_mouse	UP00069_2	Sox1_secondary	NYRTAATTGTTAKYV	3	3	uniprobe_mouse	MA0078.2	Sox17	5.07e-03	2	4	13	761	5.19e-07	4.67e-06
SOX_monomer_motif_at_SOX2_peaks_within_co_bound_ENH.txt	NBYCWTTGTK	MEME-1	NBYCWTTGTK	uniprobe_mouse	UP00101_1	Sox12_primary	THATTGTTMTNAWN	0	2	uniprobe_mouse	MA0078.2	Sox17	6.38e-03	2	1	13	761	2.74e-10	2.47e-09
SOX_monomer_motif_at_SOX2_peaks_within_co_bound_ENH.txt	NBYCWTTGTK	MEME-1	NBYCWTTGTK	uniprobe_mouse	UP00101_1	Sox12_primary	THATTGTTMTNAWN	0	2	uniprobe_mouse	MA0078.2	Sox17	6.38e-03	2	6	15	761	2.19e-08	1.97e-07
SOX_monomer_motif_at_SOX2_peaks_within_co_bound_ENH.txt	NBYCWTTGTK	MEME-1	NBYCWTTGTK	uniprobe_mouse	UP00101_1	Sox12_primary	THATTGTTMTNAWN	0	2	uniprobe_mouse	MA0078.2	Sox17	6.38e-03	2	4	13	761	6.50e-07	5.85e-06
SOX_monomer_motif_at_SOX2_peaks_within_co_bound_ENH.txt	NBYCWTTGTK	MEME-1	NBYCWTTGTK	uniprobe_mouse	UP00075_1	Sox15_primary	WNNDGAACAATWRRNWT	4	5	uniprobe_mouse	MA0078.2	Sox17	6.90e-02	3	0	11	633	2.88e-09	2.59e-08
SOX_monomer_motif_at_SOX2_peaks_within_co_bound_ENH.txt	NBYCWTTGTK	MEME-1	NBYCWTTGTK	uniprobe_mouse	UP00075_1	Sox15_primary	WNNDGAACAATWRRNWT	4	5	uniprobe_mouse	MA0078.2	Sox17	6.90e-02	3	4	13	633	6.49e-08	5.84e-07
SOX_monomer_motif_at_SOX2_peaks_within_co_bound_ENH.txt	NBYCWTTGTK	MEME-1	NBYCWTTGTK	uniprobe_mouse	UP00075_1	Sox15_primary	WNNDGAACAATWRRNWT	4	5	uniprobe_mouse	MA0078.2	Sox17	6.90e-02	3	5	13	633	6.49e-08	5.84e-07
SOX_monomer_motif_at_SOX2_peaks_within_co_bound_ENH.txt	NBYCWTTGTK	MEME-1	NBYCWTTGTK	uniprobe_mouse	UP00075_1	Sox15_primary	WNNDGAACAATWRRNWT	4	5	uniprobe_mouse	MA0078.2	Sox17	6.90e-02	3	8	16	633	1.68e-06	1.51e-05
SOX_monomer_motif_at_SOX2_peaks_within_co_bound_ENH.txt	NBYCWTTGTK	MEME-1	NBYCWTTGTK	JASPAR2022_CORE_vertebrates_non-redundant_v2	MA1120.1	SOX13	DVACAATGGNN	2	2	JASPAR2022_CORE_vertebrates_non-redundant_v2	MA0078.2	Sox17	1.02e-01	2	0	7	179	4.22e-09	3.80e-08
SOX_monomer_motif_at_SOX2_peaks_within_co_bound_ENH.txt	NBYCWTTGTK	MEME-1	NBYCWTTGTK	JASPAR2022_CORE_vertebrates_non-redundant_v2	MA1120.1	SOX13	DVACAATGGNN	2	2	JASPAR2022_CORE_vertebrates_non-redundant_v2	MA0078.2	Sox17	1.02e-01	2	4	7	179	4.17e-07	3.75e-06
SOX_monomer_motif_at_SOX2_peaks_within_co_bound_ENH.txt	NBYCWTTGTK	MEME-1	NBYCWTTGTK	JASPAR2022_CORE_vertebrates_non-redundant_v2	MA1120.1	SOX13	DVACAATGGNN	2	2	JASPAR2022_CORE_vertebrates_non-redundant_v2	MA0078.2	Sox17	1.02e-01	2	5	7	179	4.17e-07	3.75e-06
SOX_monomer_motif_at_SOX2_peaks_within_co_bound_ENH.txt	NBYCWTTGTK	MEME-1	NBYCWTTGTK	uniprobe_mouse	UP00064_1	Sox18_primary	YWBHATTGTTNTMWHH	3	4	uniprobe_mouse	MA0078.2	Sox17	1.24e-01	3	1	12	827	5.19e-09	4.67e-08
SOX_monomer_motif_at_SOX2_peaks_within_co_bound_ENH.txt	NBYCWTTGTK	MEME-1	NBYCWTTGTK	uniprobe_mouse	UP00064_1	Sox18_primary	YWBHATTGTTNTMWHH	3	4	uniprobe_mouse	MA0078.2	Sox17	1.24e-01	3	6	14	827	2.52e-07	2.27e-06
SOX_monomer_motif_at_SOX2_peaks_within_co_bound_ENH.txt	NBYCWTTGTK	MEME-1	NBYCWTTGTK	JASPAR2022_CORE_vertebrates_non-redundant_v2	MA0514.2	Sox3	DNACAATGGNN	2	2	JASPAR2022_CORE_vertebrates_non-redundant_v2	MA0078.2	Sox17	4.83e-01	2	0	7	225	2.00e-08	1.80e-07
SOX_monomer_motif_at_SOX2_peaks_within_co_bound_ENH.txt	NBYCWTTGTK	MEME-1	NBYCWTTGTK	JASPAR2022_CORE_vertebrates_non-redundant_v2	MA0514.2	Sox3	DNACAATGGNN	2	2	JASPAR2022_CORE_vertebrates_non-redundant_v2	MA0078.2	Sox17	4.83e-01	2	4	7	225	1.84e-06	1.66e-05
SOX_monomer_motif_at_SOX2_peaks_within_co_bound_ENH.txt	NBYCWTTGTK	MEME-1	NBYCWTTGTK	JASPAR2022_CORE_vertebrates_non-redundant_v2	MA0514.2	Sox3	DNACAATGGNN	2	2	JASPAR2022_CORE_vertebrates_non-redundant_v2	MA0078.2	Sox17	4.83e-01	2	5	7	225	1.84e-06	1.66e-05
SOX_monomer_motif_at_SOX2_peaks_within_co_bound_ENH.txt	NBYCWTTGTK	MEME-1	NBYCWTTGTK	uniprobe_mouse	UP00004_2	Sox14_secondary	NKBASACAATRGNBN	3	3	.	.	.	1.92e-10	2	0	18	582	8.06e-18	7.25e-17
SOX_monomer_motif_at_SOX2_peaks_within_co_bound_ENH.txt	NBYCWTTGTK	MEME-1	NBYCWTTGTK	uniprobe_mouse	UP00004_2	Sox14_secondary	NKBASACAATRGNBN	3	3	.	.	.	1.92e-10	2	5	19	582	8.61e-14	7.75e-13
SOX_monomer_motif_at_SOX2_peaks_within_co_bound_ENH.txt	NBYCWTTGTK	MEME-1	NBYCWTTGTK	uniprobe_mouse	UP00004_2	Sox14_secondary	NKBASACAATRGNBN	3	3	.	.	.	1.92e-10	2	4	18	582	8.26e-13	7.43e-12
SOX_monomer_motif_at_SOX2_peaks_within_co_bound_ENH.txt	NBYCWTTGTK	MEME-1	NBYCWTTGTK	uniprobe_mouse	UP00004_2	Sox14_secondary	NKBASACAATRGNBN	3	3	.	.	.	1.92e-10	2	8	20	582	1.36e-09	1.23e-08
SOX_monomer_motif_at_SOX2_peaks_within_co_bound_ENH.txt	NBYCWTTGTK	MEME-1	NBYCWTTGTK	JASPAR2022_CORE_vertebrates_non-redundant_v2	MA0084.1	SRY	NWWAACAAT	2	0	JASPAR2022_CORE_vertebrates_non-redundant_v2	UP00004_2	Sox14_secondary	3.55e-10	4	0	23	1219	1.47e-17	1.32e-16
SOX_monomer_motif_at_SOX2_peaks_within_co_bound_ENH.txt	NBYCWTTGTK	MEME-1	NBYCWTTGTK	JASPAR2022_CORE_vertebrates_non-redundant_v2	MA0084.1	SRY	NWWAACAAT	2	0	JASPAR2022_CORE_vertebrates_non-redundant_v2	UP00004_2	Sox14_secondary	3.55e-10	4	5	27	1219	1.17e-14	1.06e-13
SOX_monomer_motif_at_SOX2_peaks_within_co_bound_ENH.txt	NBYCWTTGTK	MEME-1	NBYCWTTGTK	JASPAR2022_CORE_vertebrates_non-redundant_v2	MA0084.1	SRY	NWWAACAAT	2	0	JASPAR2022_CORE_vertebrates_non-redundant_v2	UP00004_2	Sox14_secondary	3.55e-10	4	4	25	1219	4.83e-13	4.35e-12
SOX_monomer_motif_at_SOX2_peaks_within_co_bound_ENH.txt	NBYCWTTGTK	MEME-1	NBYCWTTGTK	JASPAR2022_CORE_vertebrates_non-redundant_v2	MA0084.1	SRY	NWWAACAAT	2	0	JASPAR2022_CORE_vertebrates_non-redundant_v2	UP00004_2	Sox14_secondary	3.55e-10	4	8	35	1219	6.52e-13	5.87e-12
SOX_monomer_motif_at_SOX2_peaks_within_co_bound_ENH.txt	NBYCWTTGTK	MEME-1	NBYCWTTGTK	JASPAR2022_CORE_vertebrates_non-redundant_v2	MA1152.1	SOX15	CYWTTGTTHW	0	3	JASPAR2022_CORE_vertebrates_non-redundant_v2	UP00004_2	Sox14_secondary	4.09e-10	2	1	18	616	1.69e-17	1.52e-16
SOX_monomer_motif_at_SOX2_peaks_within_co_bound_ENH.txt	NBYCWTTGTK	MEME-1	NBYCWTTGTK	JASPAR2022_CORE_vertebrates_non-redundant_v2	MA1152.1	SOX15	CYWTTGTTHW	0	3	JASPAR2022_CORE_vertebrates_non-redundant_v2	UP00004_2	Sox14_secondary	4.09e-10	2	6	19	616	1.81e-13	1.63e-12
SOX_monomer_motif_at_SOX2_peaks_within_co_bound_ENH.txt	NBYCWTTGTK	MEME-1	NBYCWTTGTK	JASPAR2022_CORE_vertebrates_non-redundant_v2	MA1152.1	SOX15	CYWTTGTTHW	0	3	JASPAR2022_CORE_vertebrates_non-redundant_v2	UP00004_2	Sox14_secondary	4.09e-10	2	4	18	616	1.66e-12	1.50e-11
SOX_monomer_motif_at_SOX2_peaks_within_co_bound_ENH.txt	NBYCWTTGTK	MEME-1	NBYCWTTGTK	JASPAR2022_CORE_vertebrates_non-redundant_v2	MA1152.1	SOX15	CYWTTGTTHW	0	3	JASPAR2022_CORE_vertebrates_non-redundant_v2	UP00004_2	Sox14_secondary	4.09e-10	2	8	20	616	2.75e-09	2.48e-08
SOX_monomer_motif_at_SOX2_peaks_within_co_bound_ENH.txt	NBYCWTTGTK	MEME-1	NBYCWTTGTK	JASPAR2022_CORE_vertebrates_non-redundant_v2	MA1152.1	SOX15	CYWTTGTTHW	0	3	JASPAR2022_CORE_vertebrates_non-redundant_v2	UP00004_2	Sox14_secondary	4.09e-10	3	8	16	616	1.11e-06	9.96e-06
SOX_monomer_motif_at_SOX2_peaks_within_co_bound_ENH.txt	NBYCWTTGTK	MEME-1	NBYCWTTGTK	JASPAR2022_CORE_vertebrates_non-redundant_v2	MA1152.1	SOX15	CYWTTGTTHW	0	3	JASPAR2022_CORE_vertebrates_non-redundant_v2	UP00004_2	Sox14_secondary	4.09e-10	3	6	11	616	1.61e-06	1.45e-05
SOX_monomer_motif_at_SOX2_peaks_within_co_bound_ENH.txt	NBYCWTTGTK	MEME-1	NBYCWTTGTK	uniprobe_mouse	UP00023_1	Sox30_primary	DHDSAACAATKRAHHY	4	4	uniprobe_mouse	UP00004_2	Sox14_secondary	5.72e-07	2	0	14	460	2.39e-14	2.15e-13
SOX_monomer_motif_at_SOX2_peaks_within_co_bound_ENH.txt	NBYCWTTGTK	MEME-1	NBYCWTTGTK	uniprobe_mouse	UP00023_1	Sox30_primary	DHDSAACAATKRAHHY	4	4	uniprobe_mouse	UP00004_2	Sox14_secondary	5.72e-07	2	5	16	460	1.90e-12	1.71e-11
SOX_monomer_motif_at_SOX2_peaks_within_co_bound_ENH.txt	NBYCWTTGTK	MEME-1	NBYCWTTGTK	uniprobe_mouse	UP00023_1	Sox30_primary	DHDSAACAATKRAHHY	4	4	uniprobe_mouse	UP00004_2	Sox14_secondary	5.72e-07	2	4	15	460	1.96e-11	1.76e-10
SOX_monomer_motif_at_SOX2_peaks_within_co_bound_ENH.txt	NBYCWTTGTK	MEME-1	NBYCWTTGTK	uniprobe_mouse	UP00023_1	Sox30_primary	DHDSAACAATKRAHHY	4	4	uniprobe_mouse	UP00004_2	Sox14_secondary	5.72e-07	2	8	19	460	1.47e-10	1.32e-09
SOX_monomer_motif_at_SOX2_peaks_within_co_bound_ENH.txt	NBYCWTTGTK	MEME-1	NBYCWTTGTK	uniprobe_mouse	UP00016_2	Sry_secondary	HNDNNRAACAATDRVHG	5	5	uniprobe_mouse	UP00004_2	Sox14_secondary	6.88e-07	4	0	16	693	2.85e-14	2.56e-13
SOX_monomer_motif_at_SOX2_peaks_within_co_bound_ENH.txt	NBYCWTTGTK	MEME-1	NBYCWTTGTK	uniprobe_mouse	UP00016_2	Sry_secondary	HNDNNRAACAATDRVHG	5	5	uniprobe_mouse	UP00004_2	Sox14_secondary	6.88e-07	4	4	17	693	8.53e-11	7.67e-10
SOX_monomer_motif_at_SOX2_peaks_within_co_bound_ENH.txt	NBYCWTTGTK	MEME-1	NBYCWTTGTK	uniprobe_mouse	UP00016_2	Sry_secondary	HNDNNRAACAATDRVHG	5	5	uniprobe_mouse	UP00004_2	Sox14_secondary	6.88e-07	4	5	17	693	8.53e-11	7.67e-10
SOX_monomer_motif_at_SOX2_peaks_within_co_bound_ENH.txt	NBYCWTTGTK	MEME-1	NBYCWTTGTK	uniprobe_mouse	UP00016_2	Sry_secondary	HNDNNRAACAATDRVHG	5	5	uniprobe_mouse	UP00004_2	Sox14_secondary	6.88e-07	4	8	20	693	1.81e-08	1.63e-07
SOX_monomer_motif_at_SOX2_peaks_within_co_bound_ENH.txt	NBYCWTTGTK	MEME-1	NBYCWTTGTK	uniprobe_mouse	UP00071_2	Sox21_secondary	NVYSWATTGTTCNNNNV	4	5	uniprobe_mouse	UP00004_2	Sox14_secondary	2.62e-05	3	1	15	741	1.09e-12	9.82e-12
SOX_monomer_motif_at_SOX2_peaks_within_co_bound_ENH.txt	NBYCWTTGTK	MEME-1	NBYCWTTGTK	uniprobe_mouse	UP00071_2	Sox21_secondary	NVYSWATTGTTCNNNNV	4	5	uniprobe_mouse	UP00004_2	Sox14_secondary	2.62e-05	3	4	16	741	1.72e-09	1.55e-08
SOX_monomer_motif_at_SOX2_peaks_within_co_bound_ENH.txt	NBYCWTTGTK	MEME-1	NBYCWTTGTK	uniprobe_mouse	UP00071_2	Sox21_secondary	NVYSWATTGTTCNNNNV	4	5	uniprobe_mouse	UP00004_2	Sox14_secondary	2.62e-05	3	6	16	741	1.72e-09	1.55e-08
SOX_monomer_motif_at_SOX2_peaks_within_co_bound_ENH.txt	NBYCWTTGTK	MEME-1	NBYCWTTGTK	uniprobe_mouse	UP00071_2	Sox21_secondary	NVYSWATTGTTCNNNNV	4	5	uniprobe_mouse	UP00004_2	Sox14_secondary	2.62e-05	3	8	17	741	3.13e-06	2.82e-05
SOX_monomer_motif_at_SOX2_peaks_within_co_bound_ENH.txt	NBYCWTTGTK	MEME-1	NBYCWTTGTK	uniprobe_mouse	UP00091_1	Sox5_primary	WWDRGAACAATWRDHD	4	4	uniprobe_mouse	UP00004_2	Sox14_secondary	1.17e-04	3	0	12	445	4.89e-12	4.40e-11
SOX_monomer_motif_at_SOX2_peaks_within_co_bound_ENH.txt	NBYCWTTGTK	MEME-1	NBYCWTTGTK	uniprobe_mouse	UP00091_1	Sox5_primary	WWDRGAACAATWRDHD	4	4	uniprobe_mouse	UP00004_2	Sox14_secondary	1.17e-04	3	5	14	445	1.24e-10	1.12e-09
SOX_monomer_motif_at_SOX2_peaks_within_co_bound_ENH.txt	NBYCWTTGTK	MEME-1	NBYCWTTGTK	uniprobe_mouse	UP00091_1	Sox5_primary	WWDRGAACAATWRDHD	4	4	uniprobe_mouse	UP00004_2	Sox14_secondary	1.17e-04	3	4	12	445	9.98e-09	8.98e-08
SOX_monomer_motif_at_SOX2_peaks_within_co_bound_ENH.txt	NBYCWTTGTK	MEME-1	NBYCWTTGTK	uniprobe_mouse	UP00091_1	Sox5_primary	WWDRGAACAATWRDHD	4	4	uniprobe_mouse	UP00004_2	Sox14_secondary	1.17e-04	3	8	15	445	1.00e-07	9.01e-07
SOX_monomer_motif_at_SOX2_peaks_within_co_bound_ENH.txt	NBYCWTTGTK	MEME-1	NBYCWTTGTK	uniprobe_mouse	UP00051_1	Sox8_primary	NDATBWATTGTTHWDWW	3	5	uniprobe_mouse	UP00004_2	Sox14_secondary	7.24e-02	1	1	12	787	3.04e-09	2.74e-08
SOX_monomer_motif_at_SOX2_peaks_within_co_bound_ENH.txt	NBYCWTTGTK	MEME-1	NBYCWTTGTK	uniprobe_mouse	UP00051_1	Sox8_primary	NDATBWATTGTTHWDWW	3	5	uniprobe_mouse	UP00004_2	Sox14_secondary	7.24e-02	1	6	14	787	1.43e-07	1.28e-06
SOX_monomer_motif_at_SOX2_peaks_within_co_bound_ENH.txt	NBYCWTTGTK	MEME-1	NBYCWTTGTK	uniprobe_mouse	UP00051_1	Sox8_primary	NDATBWATTGTTHWDWW	3	5	uniprobe_mouse	UP00004_2	Sox14_secondary	7.24e-02	1	4	12	787	3.58e-06	3.22e-05
SOX_monomer_motif_at_SOX2_peaks_within_co_bound_ENH.txt	NBYCWTTGTK	MEME-1	NBYCWTTGTK	uniprobe_mouse	UP00014_1	Sox17_primary	MDAAACAATTRAWHW	2	2	uniprobe_mouse	UP00004_2	Sox14_secondary	2.44e-01	0	0	12	870	1.04e-08	9.34e-08
SOX_monomer_motif_at_SOX2_peaks_within_co_bound_ENH.txt	NBYCWTTGTK	MEME-1	NBYCWTTGTK	uniprobe_mouse	UP00014_1	Sox17_primary	MDAAACAATTRAWHW	2	2	uniprobe_mouse	UP00004_2	Sox14_secondary	2.44e-01	0	5	14	870	5.25e-07	4.73e-06
SOX_monomer_motif_at_SOX2_peaks_within_co_bound_ENH.txt	NBYCWTTGTK	MEME-1	NBYCWTTGTK	uniprobe_mouse	UP00014_1	Sox17_primary	MDAAACAATTRAWHW	2	2	uniprobe_mouse	UP00004_2	Sox14_secondary	2.44e-01	0	4	13	870	2.44e-06	2.19e-05
SOX_monomer_motif_at_SOX2_peaks_within_co_bound_ENH.txt	NBYCWTTGTK	MEME-1	NBYCWTTGTK	uniprobe_mouse	UP00062_2	Sox4_secondary	VNWDRAATTGTTNNRNA	5	5	uniprobe_mouse	UP00004_2	Sox14_secondary	1.33e+00	3	1	11	859	5.53e-08	4.97e-07
SOX_monomer_motif_at_SOX2_peaks_within_co_bound_ENH.txt	NBYCWTTGTK	MEME-1	NBYCWTTGTK	uniprobe_mouse	UP00062_2	Sox4_secondary	VNWDRAATTGTTNNRNA	5	5	uniprobe_mouse	UP00004_2	Sox14_secondary	1.33e+00	3	6	13	859	1.60e-06	1.44e-05
SOX_monomer_motif_at_SOX2_peaks_within_co_bound_ENH.txt	NBYCWTTGTK	MEME-1	NBYCWTTGTK	uniprobe_mouse	UP00054_1	Tcf7_primary	KHWASATCAAAGGAAHH	3	3	.	.	.	3.08e-05	1	0	16	872	1.31e-12	1.18e-11
SOX_monomer_motif_at_SOX2_peaks_within_co_bound_ENH.txt	NBYCWTTGTK	MEME-1	NBYCWTTGTK	uniprobe_mouse	UP00054_1	Tcf7_primary	KHWASATCAAAGGAAHH	3	3	.	.	.	3.08e-05	1	4	18	872	6.19e-10	5.57e-09
SOX_monomer_motif_at_SOX2_peaks_within_co_bound_ENH.txt	NBYCWTTGTK	MEME-1	NBYCWTTGTK	uniprobe_mouse	UP00054_1	Tcf7_primary	KHWASATCAAAGGAAHH	3	3	.	.	.	3.08e-05	1	5	17	872	3.67e-09	3.31e-08
SOX_monomer_motif_at_SOX2_peaks_within_co_bound_ENH.txt	NBYCWTTGTK	MEME-1	NBYCWTTGTK	uniprobe_mouse	UP00054_1	Tcf7_primary	KHWASATCAAAGGAAHH	3	3	.	.	.	3.08e-05	1	8	21	872	2.53e-07	2.28e-06
SOX_monomer_motif_at_SOX2_peaks_within_co_bound_ENH.txt	NBYCWTTGTK	MEME-1	NBYCWTTGTK	uniprobe_mouse	UP00054_1	Tcf7_primary	KHWASATCAAAGGAAHH	3	3	.	.	.	3.08e-05	2	0	10	872	6.06e-07	5.45e-06
SOX_monomer_motif_at_SOX2_peaks_within_co_bound_ENH.txt	NBYCWTTGTK	MEME-1	NBYCWTTGTK	uniprobe_mouse	UP00058_1	Tcf3_primary	THWASATCAAAGGRWNN	3	3	uniprobe_mouse	UP00054_1	Tcf7_primary	3.65e-04	1	0	14	736	1.55e-11	1.40e-10
SOX_monomer_motif_at_SOX2_peaks_within_co_bound_ENH.txt	NBYCWTTGTK	MEME-1	NBYCWTTGTK	uniprobe_mouse	UP00058_1	Tcf3_primary	THWASATCAAAGGRWNN	3	3	uniprobe_mouse	UP00054_1	Tcf7_primary	3.65e-04	1	4	16	736	2.10e-09	1.89e-08
SOX_monomer_motif_at_SOX2_peaks_within_co_bound_ENH.txt	NBYCWTTGTK	MEME-1	NBYCWTTGTK	uniprobe_mouse	UP00058_1	Tcf3_primary	THWASATCAAAGGRWNN	3	3	uniprobe_mouse	UP00054_1	Tcf7_primary	3.65e-04	1	5	15	736	1.31e-08	1.18e-07
SOX_monomer_motif_at_SOX2_peaks_within_co_bound_ENH.txt	NBYCWTTGTK	MEME-1	NBYCWTTGTK	uniprobe_mouse	UP00058_1	Tcf3_primary	THWASATCAAAGGRWNN	3	3	uniprobe_mouse	UP00054_1	Tcf7_primary	3.65e-04	2	0	10	736	1.37e-07	1.23e-06
SOX_monomer_motif_at_SOX2_peaks_within_co_bound_ENH.txt	NBYCWTTGTK	MEME-1	NBYCWTTGTK	uniprobe_mouse	UP00058_1	Tcf3_primary	THWASATCAAAGGRWNN	3	3	uniprobe_mouse	UP00054_1	Tcf7_primary	3.65e-04	1	8	18	736	1.05e-06	9.46e-06
SOX_monomer_motif_at_SOX2_peaks_within_co_bound_ENH.txt	NBYCWTTGTK	MEME-1	NBYCWTTGTK	uniprobe_mouse	UP00058_1	Tcf3_primary	THWASATCAAAGGRWNN	3	3	uniprobe_mouse	UP00054_1	Tcf7_primary	3.65e-04	2	4	12	736	2.15e-06	1.94e-05
SOX_monomer_motif_at_SOX2_peaks_within_co_bound_ENH.txt	NBYCWTTGTK	MEME-1	NBYCWTTGTK	JASPAR2022_CORE_vertebrates_non-redundant_v2	MA0768.2	Lef1	NNBCCTTTGATSTN	3	3	JASPAR2022_CORE_vertebrates_non-redundant_v2	UP00054_1	Tcf7_primary	7.54e-04	2	1	14	794	3.15e-11	2.83e-10
SOX_monomer_motif_at_SOX2_peaks_within_co_bound_ENH.txt	NBYCWTTGTK	MEME-1	NBYCWTTGTK	JASPAR2022_CORE_vertebrates_non-redundant_v2	MA0768.2	Lef1	NNBCCTTTGATSTN	3	3	JASPAR2022_CORE_vertebrates_non-redundant_v2	UP00054_1	Tcf7_primary	7.54e-04	2	4	16	794	4.43e-09	3.98e-08
SOX_monomer_motif_at_SOX2_peaks_within_co_bound_ENH.txt	NBYCWTTGTK	MEME-1	NBYCWTTGTK	JASPAR2022_CORE_vertebrates_non-redundant_v2	MA0768.2	Lef1	NNBCCTTTGATSTN	3	3	JASPAR2022_CORE_vertebrates_non-redundant_v2	UP00054_1	Tcf7_primary	7.54e-04	2	6	15	794	2.62e-08	2.36e-07
SOX_monomer_motif_at_SOX2_peaks_within_co_bound_ENH.txt	NBYCWTTGTK	MEME-1	NBYCWTTGTK	JASPAR2022_CORE_vertebrates_non-redundant_v2	MA0523.1	TCF7L2	DRASATCAAAGRVA	2	2	JASPAR2022_CORE_vertebrates_non-redundant_v2	UP00054_1	Tcf7_primary	3.74e-03	2	0	11	470	1.58e-10	1.42e-09
SOX_monomer_motif_at_SOX2_peaks_within_co_bound_ENH.txt	NBYCWTTGTK	MEME-1	NBYCWTTGTK	JASPAR2022_CORE_vertebrates_non-redundant_v2	MA0523.1	TCF7L2	DRASATCAAAGRVA	2	2	JASPAR2022_CORE_vertebrates_non-redundant_v2	UP00054_1	Tcf7_primary	3.74e-03	2	4	12	470	2.08e-08	1.87e-07
SOX_monomer_motif_at_SOX2_peaks_within_co_bound_ENH.txt	NBYCWTTGTK	MEME-1	NBYCWTTGTK	JASPAR2022_CORE_vertebrates_non-redundant_v2	MA0523.1	TCF7L2	DRASATCAAAGRVA	2	2	JASPAR2022_CORE_vertebrates_non-redundant_v2	UP00054_1	Tcf7_primary	3.74e-03	2	5	12	470	2.08e-08	1.87e-07
SOX_monomer_motif_at_SOX2_peaks_within_co_bound_ENH.txt	NBYCWTTGTK	MEME-1	NBYCWTTGTK	JASPAR2022_CORE_vertebrates_non-redundant_v2	MA0523.1	TCF7L2	DRASATCAAAGRVA	2	2	JASPAR2022_CORE_vertebrates_non-redundant_v2	UP00054_1	Tcf7_primary	3.74e-03	3	0	8	470	2.92e-07	2.63e-06
SOX_monomer_motif_at_SOX2_peaks_within_co_bound_ENH.txt	NBYCWTTGTK	MEME-1	NBYCWTTGTK	JASPAR2022_CORE_vertebrates_non-redundant_v2	MA0523.1	TCF7L2	DRASATCAAAGRVA	2	2	JASPAR2022_CORE_vertebrates_non-redundant_v2	UP00054_1	Tcf7_primary	3.74e-03	2	8	14	470	1.09e-06	9.77e-06
SOX_monomer_motif_at_SOX2_peaks_within_co_bound_ENH.txt	NBYCWTTGTK	MEME-1	NBYCWTTGTK	uniprobe_mouse	UP00067_1	Lef1_primary	NDDYCCTTTGATCTDWN	3	3	uniprobe_mouse	UP00054_1	Tcf7_primary	4.48e-02	1	1	9	342	1.91e-09	1.72e-08
SOX_monomer_motif_at_SOX2_peaks_within_co_bound_ENH.txt	NBYCWTTGTK	MEME-1	NBYCWTTGTK	uniprobe_mouse	UP00067_1	Lef1_primary	NDDYCCTTTGATCTDWN	3	3	uniprobe_mouse	UP00054_1	Tcf7_primary	4.48e-02	1	4	10	342	6.77e-08	6.09e-07
SOX_monomer_motif_at_SOX2_peaks_within_co_bound_ENH.txt	NBYCWTTGTK	MEME-1	NBYCWTTGTK	uniprobe_mouse	UP00067_1	Lef1_primary	NDDYCCTTTGATCTDWN	3	3	uniprobe_mouse	UP00054_1	Tcf7_primary	4.48e-02	1	6	10	342	6.77e-08	6.09e-07
SOX_monomer_motif_at_SOX2_peaks_within_co_bound_ENH.txt	NBYCWTTGTK	MEME-1	NBYCWTTGTK	uniprobe_mouse	UP00067_1	Lef1_primary	NDDYCCTTTGATCTDWN	3	3	uniprobe_mouse	UP00054_1	Tcf7_primary	4.48e-02	2	1	7	342	3.90e-07	3.51e-06
SOX_monomer_motif_at_SOX2_peaks_within_co_bound_ENH.txt	NBYCWTTGTK	MEME-1	NBYCWTTGTK	JASPAR2022_CORE_vertebrates_non-redundant_v2	MA1991.1	Hnf1A	NBCCTTTGATSTBN	2	2	JASPAR2022_CORE_vertebrates_non-redundant_v2	UP00054_1	Tcf7_primary	3.67e-01	2	1	11	739	1.55e-08	1.40e-07
SOX_monomer_motif_at_SOX2_peaks_within_co_bound_ENH.txt	NBYCWTTGTK	MEME-1	NBYCWTTGTK	JASPAR2022_CORE_vertebrates_non-redundant_v2	MA1991.1	Hnf1A	NBCCTTTGATSTBN	2	2	JASPAR2022_CORE_vertebrates_non-redundant_v2	UP00054_1	Tcf7_primary	3.67e-01	3	1	10	739	1.33e-07	1.20e-06
SOX_monomer_motif_at_SOX2_peaks_within_co_bound_ENH.txt	NBYCWTTGTK	MEME-1	NBYCWTTGTK	JASPAR2022_CORE_vertebrates_non-redundant_v2	MA1991.1	Hnf1A	NBCCTTTGATSTBN	2	2	JASPAR2022_CORE_vertebrates_non-redundant_v2	UP00054_1	Tcf7_primary	3.67e-01	2	4	13	739	4.09e-07	3.68e-06
SOX_monomer_motif_at_SOX2_peaks_within_co_bound_ENH.txt	NBYCWTTGTK	MEME-1	NBYCWTTGTK	JASPAR2022_CORE_vertebrates_non-redundant_v2	MA1991.1	Hnf1A	NBCCTTTGATSTBN	2	2	JASPAR2022_CORE_vertebrates_non-redundant_v2	UP00054_1	Tcf7_primary	3.67e-01	3	4	12	739	2.09e-06	1.88e-05
SOX_monomer_motif_at_SOX2_peaks_within_co_bound_ENH.txt	NBYCWTTGTK	MEME-1	NBYCWTTGTK	JASPAR2022_CORE_vertebrates_non-redundant_v2	MA1991.1	Hnf1A	NBCCTTTGATSTBN	2	2	JASPAR2022_CORE_vertebrates_non-redundant_v2	UP00054_1	Tcf7_primary	3.67e-01	2	6	12	739	2.09e-06	1.88e-05
SOX_monomer_motif_at_SOX2_peaks_within_co_bound_ENH.txt	NBYCWTTGTK	MEME-1	NBYCWTTGTK	JASPAR2022_CORE_vertebrates_non-redundant_v2	MA0769.2	TCF7	NNCTTTGAWVT	2	2	JASPAR2022_CORE_vertebrates_non-redundant_v2	UP00054_1	Tcf7_primary	5.00e-01	3	1	11	777	2.07e-08	1.86e-07
SOX_monomer_motif_at_SOX2_peaks_within_co_bound_ENH.txt	NBYCWTTGTK	MEME-1	NBYCWTTGTK	JASPAR2022_CORE_vertebrates_non-redundant_v2	MA0769.2	TCF7	NNCTTTGAWVT	2	2	JASPAR2022_CORE_vertebrates_non-redundant_v2	UP00054_1	Tcf7_primary	5.00e-01	3	4	12	777	2.77e-06	2.49e-05
SOX_monomer_motif_at_SOX2_peaks_within_co_bound_ENH.txt	NBYCWTTGTK	MEME-1	NBYCWTTGTK	JASPAR2022_CORE_vertebrates_non-redundant_v2	MA0769.2	TCF7	NNCTTTGAWVT	2	2	JASPAR2022_CORE_vertebrates_non-redundant_v2	UP00054_1	Tcf7_primary	5.00e-01	3	6	12	777	2.77e-06	2.49e-05
SOX_monomer_motif_at_SOX2_peaks_within_co_bound_ENH.txt	NBYCWTTGTK	MEME-1	NBYCWTTGTK	uniprobe_mouse	UP00083_1	Tcf7l2_primary	NNDYCCTTTGATSTDDV	3	3	uniprobe_mouse	UP00054_1	Tcf7_primary	7.30e-01	1	1	9	476	3.11e-08	2.80e-07
SOX_monomer_motif_at_SOX2_peaks_within_co_bound_ENH.txt	NBYCWTTGTK	MEME-1	NBYCWTTGTK	uniprobe_mouse	UP00083_1	Tcf7l2_primary	NNDYCCTTTGATSTDDV	3	3	uniprobe_mouse	UP00054_1	Tcf7_primary	7.30e-01	2	1	8	476	3.38e-07	3.04e-06
SOX_monomer_motif_at_SOX2_peaks_within_co_bound_ENH.txt	NBYCWTTGTK	MEME-1	NBYCWTTGTK	uniprobe_mouse	UP00083_1	Tcf7l2_primary	NNDYCCTTTGATSTDDV	3	3	uniprobe_mouse	UP00054_1	Tcf7_primary	7.30e-01	1	4	10	476	1.25e-06	1.12e-05
SOX_monomer_motif_at_SOX2_peaks_within_co_bound_ENH.txt	NBYCWTTGTK	MEME-1	NBYCWTTGTK	uniprobe_mouse	UP00083_1	Tcf7l2_primary	NNDYCCTTTGATSTDDV	3	3	uniprobe_mouse	UP00054_1	Tcf7_primary	7.30e-01	2	4	10	476	1.25e-06	1.12e-05
SOX_monomer_motif_at_SOX2_peaks_within_co_bound_ENH.txt	NBYCWTTGTK	MEME-1	NBYCWTTGTK	uniprobe_mouse	UP00083_1	Tcf7l2_primary	NNDYCCTTTGATSTDDV	3	3	uniprobe_mouse	UP00054_1	Tcf7_primary	7.30e-01	1	6	10	476	1.25e-06	1.12e-05
SOX_monomer_motif_at_SOX2_peaks_within_co_bound_ENH.txt	NBYCWTTGTK	MEME-1	NBYCWTTGTK	uniprobe_mouse	UP00030_1	Sox11_primary	HNDARAACAAAGRANNH	4	3	.	.	.	7.25e-05	1	0	13	532	3.07e-12	2.76e-11
SOX_monomer_motif_at_SOX2_peaks_within_co_bound_ENH.txt	NBYCWTTGTK	MEME-1	NBYCWTTGTK	uniprobe_mouse	UP00030_1	Sox11_primary	HNDARAACAAAGRANNH	4	3	.	.	.	7.25e-05	1	4	13	532	1.07e-08	9.67e-08
SOX_monomer_motif_at_SOX2_peaks_within_co_bound_ENH.txt	NBYCWTTGTK	MEME-1	NBYCWTTGTK	uniprobe_mouse	UP00030_1	Sox11_primary	HNDARAACAAAGRANNH	4	3	.	.	.	7.25e-05	1	5	13	532	1.07e-08	9.67e-08
SOX_monomer_motif_at_SOX2_peaks_within_co_bound_ENH.txt	NBYCWTTGTK	MEME-1	NBYCWTTGTK	uniprobe_mouse	UP00101_2	Sox12_secondary	VVNBASACAAAGRADT	4	2	uniprobe_mouse	UP00030_1	Sox11_primary	2.55e-01	1	0	15	1454	1.08e-08	9.70e-08
SOX_monomer_motif_at_SOX2_peaks_within_co_bound_ENH.txt	NBYCWTTGTK	MEME-1	NBYCWTTGTK	uniprobe_mouse	UP00101_2	Sox12_secondary	VVNBASACAAAGRADT	4	2	uniprobe_mouse	UP00030_1	Sox11_primary	2.55e-01	1	4	18	1454	8.57e-07	7.71e-06
SOX_monomer_motif_at_SOX2_peaks_within_co_bound_ENH.txt	NBYCWTTGTK	MEME-1	NBYCWTTGTK	uniprobe_mouse	UP00101_2	Sox12_secondary	VVNBASACAAAGRADT	4	2	uniprobe_mouse	UP00030_1	Sox11_primary	2.55e-01	2	0	12	1454	1.83e-06	1.65e-05
SOX_monomer_motif_at_SOX2_peaks_within_co_bound_ENH.txt	NBYCWTTGTK	MEME-1	NBYCWTTGTK	uniprobe_mouse	UP00101_2	Sox12_secondary	VVNBASACAAAGRADT	4	2	uniprobe_mouse	UP00030_1	Sox11_primary	2.55e-01	1	5	17	1454	3.08e-06	2.77e-05
SOX_monomer_motif_at_SOX2_peaks_within_co_bound_ENH.txt	NBYCWTTGTK	MEME-1	NBYCWTTGTK	uniprobe_mouse	UP00101_2	Sox12_secondary	VVNBASACAAAGRADT	4	2	uniprobe_mouse	UP00030_1	Sox11_primary	2.55e-01	2	5	17	1454	3.08e-06	2.77e-05
SOX_monomer_motif_at_SOX2_peaks_within_co_bound_ENH.txt	NBYCWTTGTK	MEME-1	NBYCWTTGTK	uniprobe_mouse	UP00062_1	Sox4_primary	HNNWRAACAAAGRRNHW	5	4	uniprobe_mouse	UP00030_1	Sox11_primary	2.46e+00	2	0	6	179	1.03e-07	9.25e-07
SOX_monomer_motif_at_SOX2_peaks_within_co_bound_ENH.txt	NBYCWTTGTK	MEME-1	NBYCWTTGTK	uniprobe_mouse	UP00062_1	Sox4_primary	HNNWRAACAAAGRRNHW	5	4	uniprobe_mouse	UP00030_1	Sox11_primary	2.46e+00	3	0	6	179	1.03e-07	9.25e-07
SOX_monomer_motif_at_SOX2_peaks_within_co_bound_ENH.txt	NBYCWTTGTK	MEME-1	NBYCWTTGTK	JASPAR2022_CORE_vertebrates_non-redundant_v2	MA0846.1	FOXC2	WAWGTAAACAWW	0	1	JASPAR2022_CORE_vertebrates_non-redundant_v2	UP00030_1	Sox11_primary	6.02e+00	5	5	15	936	2.57e-07	2.31e-06
SOX_monomer_motif_at_SOX2_peaks_within_co_bound_ENH.txt	NBYCWTTGTK	MEME-1	NBYCWTTGTK	JASPAR2022_CORE_vertebrates_non-redundant_v2	MA0846.1	FOXC2	WAWGTAAACAWW	0	1	JASPAR2022_CORE_vertebrates_non-redundant_v2	UP00030_1	Sox11_primary	6.02e+00	5	0	10	936	1.11e-06	1.00e-05
SOX_monomer_motif_at_SOX2_peaks_within_co_bound_ENH.txt	NBYCWTTGTK	MEME-1	NBYCWTTGTK	jolma2013	FOXJ3_DBD_1	.	RTAAACAA	0	0	jolma2013	UP00030_1	Sox11_primary	6.66e+00	5	0	18	2707	2.78e-07	2.50e-06
SOX_monomer_motif_at_SOX2_peaks_within_co_bound_ENH.txt	NBYCWTTGTK	MEME-1	NBYCWTTGTK	jolma2013	FOXC2_DBD_3	.	WAWGTAAACAWW	0	1	jolma2013	UP00030_1	Sox11_primary	9.68e+00	5	5	15	974	4.13e-07	3.72e-06
SOX_monomer_motif_at_SOX2_peaks_within_co_bound_ENH.txt	NBYCWTTGTK	MEME-1	NBYCWTTGTK	jolma2013	FOXC2_DBD_3	.	WAWGTAAACAWW	0	1	jolma2013	UP00030_1	Sox11_primary	9.68e+00	5	0	10	974	1.56e-06	1.41e-05
SOX_monomer_motif_at_SOX2_peaks_within_co_bound_ENH.txt	NBYCWTTGTK	MEME-1	NBYCWTTGTK	JASPAR2022_CORE_vertebrates_non-redundant_v2	MA1561.1	SOX12	ACCGAACAATV	0	1	.	.	.	9.53e-04	4	0	9	221	4.03e-11	3.63e-10
SOX_monomer_motif_at_SOX2_peaks_within_co_bound_ENH.txt	NBYCWTTGTK	MEME-1	NBYCWTTGTK	JASPAR2022_CORE_vertebrates_non-redundant_v2	MA1561.1	SOX12	ACCGAACAATV	0	1	.	.	.	9.53e-04	4	4	10	221	1.10e-09	9.93e-09
SOX_monomer_motif_at_SOX2_peaks_within_co_bound_ENH.txt	NBYCWTTGTK	MEME-1	NBYCWTTGTK	JASPAR2022_CORE_vertebrates_non-redundant_v2	MA1561.1	SOX12	ACCGAACAATV	0	1	.	.	.	9.53e-04	4	5	10	221	1.10e-09	9.93e-09
SOX_monomer_motif_at_SOX2_peaks_within_co_bound_ENH.txt	NBYCWTTGTK	MEME-1	NBYCWTTGTK	JASPAR2022_CORE_vertebrates_non-redundant_v2	MA1561.1	SOX12	ACCGAACAATV	0	1	.	.	.	9.53e-04	4	8	11	221	7.76e-08	6.98e-07
SOX_monomer_motif_at_SOX2_peaks_within_co_bound_ENH.txt	NBYCWTTGTK	MEME-1	NBYCWTTGTK	JASPAR2022_CORE_vertebrates_non-redundant_v2	MA0852.2	FOXK1	NRDGTAAACAAGNN	3	2	.	.	.	6.90e-03	4	0	13	781	2.90e-10	2.61e-09
SOX_monomer_motif_at_SOX2_peaks_within_co_bound_ENH.txt	NBYCWTTGTK	MEME-1	NBYCWTTGTK	JASPAR2022_CORE_vertebrates_non-redundant_v2	MA0852.2	FOXK1	NRDGTAAACAAGNN	3	2	.	.	.	6.90e-03	4	4	16	781	3.89e-09	3.50e-08
SOX_monomer_motif_at_SOX2_peaks_within_co_bound_ENH.txt	NBYCWTTGTK	MEME-1	NBYCWTTGTK	JASPAR2022_CORE_vertebrates_non-redundant_v2	MA0852.2	FOXK1	NRDGTAAACAAGNN	3	2	.	.	.	6.90e-03	4	5	15	781	2.33e-08	2.09e-07
SOX_monomer_motif_at_SOX2_peaks_within_co_bound_ENH.txt	NBYCWTTGTK	MEME-1	NBYCWTTGTK	JASPAR2022_CORE_vertebrates_non-redundant_v2	MA0852.2	FOXK1	NRDGTAAACAAGNN	3	2	.	.	.	6.90e-03	4	8	19	781	5.33e-07	4.80e-06
SOX_monomer_motif_at_SOX2_peaks_within_co_bound_ENH.txt	NBYCWTTGTK	MEME-1	NBYCWTTGTK	jolma2013	FOXO1_DBD_1	.	GTAAACAW	0	0	jolma2013	MA0852.2	FOXK1	7.83e-03	5	5	19	959	3.27e-10	2.94e-09
SOX_monomer_motif_at_SOX2_peaks_within_co_bound_ENH.txt	NBYCWTTGTK	MEME-1	NBYCWTTGTK	jolma2013	FOXO1_DBD_1	.	GTAAACAW	0	0	jolma2013	MA0852.2	FOXK1	7.83e-03	5	0	14	959	3.45e-10	3.11e-09
SOX_monomer_motif_at_SOX2_peaks_within_co_bound_ENH.txt	NBYCWTTGTK	MEME-1	NBYCWTTGTK	jolma2013	FOXO1_DBD_1	.	GTAAACAW	0	0	jolma2013	MA0852.2	FOXK1	7.83e-03	5	4	16	959	5.44e-08	4.90e-07
SOX_monomer_motif_at_SOX2_peaks_within_co_bound_ENH.txt	NBYCWTTGTK	MEME-1	NBYCWTTGTK	jolma2013	FOXO1_DBD_1	.	GTAAACAW	0	0	jolma2013	MA0852.2	FOXK1	7.83e-03	5	8	21	959	7.78e-07	7.00e-06
SOX_monomer_motif_at_SOX2_peaks_within_co_bound_ENH.txt	NBYCWTTGTK	MEME-1	NBYCWTTGTK	uniprobe_mouse	UP00041_1	Foxj1_primary	ANHRTAAACAAANNND	3	4	uniprobe_mouse	MA0852.2	FOXK1	1.56e+00	4	5	16	966	6.55e-08	5.90e-07
SOX_monomer_motif_at_SOX2_peaks_within_co_bound_ENH.txt	NBYCWTTGTK	MEME-1	NBYCWTTGTK	uniprobe_mouse	UP00041_1	Foxj1_primary	ANHRTAAACAAANNND	3	4	uniprobe_mouse	MA0852.2	FOXK1	1.56e+00	4	0	11	966	1.95e-07	1.76e-06
SOX_monomer_motif_at_SOX2_peaks_within_co_bound_ENH.txt	NBYCWTTGTK	MEME-1	NBYCWTTGTK	JASPAR2022_CORE_vertebrates_non-redundant_v2	MA0157.3	Foxo3	NDGTAAACARNN	2	3	JASPAR2022_CORE_vertebrates_non-redundant_v2	MA0852.2	FOXK1	1.58e+00	6	0	12	1066	6.55e-08	5.90e-07
SOX_monomer_motif_at_SOX2_peaks_within_co_bound_ENH.txt	NBYCWTTGTK	MEME-1	NBYCWTTGTK	JASPAR2022_CORE_vertebrates_non-redundant_v2	MA0157.3	Foxo3	NDGTAAACARNN	2	3	JASPAR2022_CORE_vertebrates_non-redundant_v2	MA0852.2	FOXK1	1.58e+00	6	5	14	1066	3.59e-06	3.23e-05
SOX_monomer_motif_at_SOX2_peaks_within_co_bound_ENH.txt	NBYCWTTGTK	MEME-1	NBYCWTTGTK	JASPAR2022_CORE_vertebrates_non-redundant_v2	MA0480.2	Foxo1	NDGTAAACANN	2	2	JASPAR2022_CORE_vertebrates_non-redundant_v2	MA0852.2	FOXK1	2.43e+00	6	0	11	914	1.01e-07	9.06e-07
SOX_monomer_motif_at_SOX2_peaks_within_co_bound_ENH.txt	NBYCWTTGTK	MEME-1	NBYCWTTGTK	JASPAR2022_CORE_vertebrates_non-redundant_v2	MA0480.2	Foxo1	NDGTAAACANN	2	2	JASPAR2022_CORE_vertebrates_non-redundant_v2	MA0852.2	FOXK1	2.43e+00	6	5	13	914	3.03e-06	2.73e-05
SOX_monomer_motif_at_SOX2_peaks_within_co_bound_ENH.txt	NBYCWTTGTK	MEME-1	NBYCWTTGTK	JASPAR2022_CORE_vertebrates_non-redundant_v2	MA0869.2	Sox11	NRGAACAAAGVV	2	2	.	.	.	6.41e-02	3	0	10	488	2.67e-09	2.40e-08
SOX_monomer_motif_at_SOX2_peaks_within_co_bound_ENH.txt	NBYCWTTGTK	MEME-1	NBYCWTTGTK	JASPAR2022_CORE_vertebrates_non-redundant_v2	MA0869.2	Sox11	NRGAACAAAGVV	2	2	.	.	.	6.41e-02	3	4	11	488	1.93e-07	1.74e-06
SOX_monomer_motif_at_SOX2_peaks_within_co_bound_ENH.txt	NBYCWTTGTK	MEME-1	NBYCWTTGTK	JASPAR2022_CORE_vertebrates_non-redundant_v2	MA0869.2	Sox11	NRGAACAAAGVV	2	2	.	.	.	6.41e-02	3	5	11	488	1.93e-07	1.74e-06
SOX_monomer_motif_at_SOX2_peaks_within_co_bound_ENH.txt	NBYCWTTGTK	MEME-1	NBYCWTTGTK	JASPAR2022_CORE_vertebrates_non-redundant_v2	MA0869.2	Sox11	NRGAACAAAGVV	2	2	.	.	.	6.41e-02	4	0	8	488	3.47e-07	3.13e-06
SOX_monomer_motif_at_SOX2_peaks_within_co_bound_ENH.txt	NBYCWTTGTK	MEME-1	NBYCWTTGTK	JASPAR2022_CORE_vertebrates_non-redundant_v2	MA0869.2	Sox11	NRGAACAAAGVV	2	2	.	.	.	6.41e-02	3	8	14	488	1.41e-06	1.27e-05
SOX_monomer_motif_at_SOX2_peaks_within_co_bound_ENH.txt	NBYCWTTGTK	MEME-1	NBYCWTTGTK	uniprobe_mouse	UP00014_2	Sox17_secondary	VHNCMCATTCATRNRAD	5	5	.	.	.	1.55e-01	2	1	14	1224	6.42e-09	5.78e-08
SOX_monomer_motif_at_SOX2_peaks_within_co_bound_ENH.txt	NBYCWTTGTK	MEME-1	NBYCWTTGTK	uniprobe_mouse	UP00014_2	Sox17_secondary	VHNCMCATTCATRNRAD	5	5	.	.	.	1.55e-01	2	6	17	1224	2.62e-07	2.36e-06
SOX_monomer_motif_at_SOX2_peaks_within_co_bound_ENH.txt	NBYCWTTGTK	MEME-1	NBYCWTTGTK	uniprobe_mouse	UP00014_2	Sox17_secondary	VHNCMCATTCATRNRAD	5	5	.	.	.	1.55e-01	3	1	12	1224	2.70e-07	2.43e-06
SOX_monomer_motif_at_SOX2_peaks_within_co_bound_ENH.txt	NBYCWTTGTK	MEME-1	NBYCWTTGTK	uniprobe_mouse	UP00014_2	Sox17_secondary	VHNCMCATTCATRNRAD	5	5	.	.	.	1.55e-01	2	4	16	1224	1.08e-06	9.71e-06
SOX_monomer_motif_at_SOX2_peaks_within_co_bound_ENH.txt	NBYCWTTGTK	MEME-1	NBYCWTTGTK	uniprobe_mouse	UP00014_2	Sox17_secondary	VHNCMCATTCATRNRAD	5	5	.	.	.	1.55e-01	3	4	16	1224	1.08e-06	9.71e-06
SOX_monomer_motif_at_SOX2_peaks_within_co_bound_ENH.txt	NBYCWTTGTK	MEME-1	NBYCWTTGTK	uniprobe_mouse	UP00051_2	Sox8_secondary	DCATTCATGWNANV	2	2	uniprobe_mouse	UP00014_2	Sox17_secondary	9.88e+00	3	1	12	1252	4.19e-07	3.77e-06
SOX_monomer_motif_at_SOX2_peaks_within_co_bound_ENH.txt	NBYCWTTGTK	MEME-1	NBYCWTTGTK	uniprobe_mouse	UP00051_2	Sox8_secondary	DCATTCATGWNANV	2	2	uniprobe_mouse	UP00014_2	Sox17_secondary	9.88e+00	3	6	16	1252	1.83e-06	1.64e-05
SOX_monomer_motif_at_SOX2_peaks_within_co_bound_ENH.txt	NBYCWTTGTK	MEME-1	NBYCWTTGTK	jolma2013	Foxk1_DBD_2	.	RTAAACA	0	0	.	.	.	1.79e-01	6	0	15	1442	7.43e-09	6.69e-08
SOX_monomer_motif_at_SOX2_peaks_within_co_bound_ENH.txt	NBYCWTTGTK	MEME-1	NBYCWTTGTK	jolma2013	Foxk1_DBD_2	.	RTAAACA	0	0	.	.	.	1.79e-01	6	5	19	1442	1.49e-07	1.34e-06
SOX_monomer_motif_at_SOX2_peaks_within_co_bound_ENH.txt	NBYCWTTGTK	MEME-1	NBYCWTTGTK	jolma2013	Foxc1_DBD_2	.	RTAAACA	0	0	jolma2013	Foxk1_DBD_2	.	7.95e+00	6	5	16	1112	3.30e-07	2.97e-06
SOX_monomer_motif_at_SOX2_peaks_within_co_bound_ENH.txt	NBYCWTTGTK	MEME-1	NBYCWTTGTK	jolma2013	Foxc1_DBD_2	.	RTAAACA	0	0	jolma2013	Foxk1_DBD_2	.	7.95e+00	6	0	11	1112	6.44e-07	5.80e-06
SOX_monomer_motif_at_SOX2_peaks_within_co_bound_ENH.txt	NBYCWTTGTK	MEME-1	NBYCWTTGTK	uniprobe_mouse	UP00039_2	Foxj3_secondary	NDNANCAWAACAWWDVN	3	3	.	.	.	6.43e-01	4	5	16	891	2.74e-08	2.47e-07
SOX_monomer_motif_at_SOX2_peaks_within_co_bound_ENH.txt	NBYCWTTGTK	MEME-1	NBYCWTTGTK	uniprobe_mouse	UP00039_2	Foxj3_secondary	NDNANCAWAACAWWDVN	3	3	.	.	.	6.43e-01	4	0	10	891	7.30e-07	6.57e-06
SOX_monomer_motif_at_SOX2_peaks_within_co_bound_ENH.txt	NBYCWTTGTK	MEME-1	NBYCWTTGTK	JASPAR2022_CORE_vertebrates_non-redundant_v2	MA0614.1	Foxj2	RTAAACAA	0	0	.	.	.	3.31e+00	5	5	13	678	1.38e-07	1.24e-06
SOX_monomer_motif_at_SOX2_peaks_within_co_bound_ENH.txt	NBYCWTTGTK	MEME-1	NBYCWTTGTK	JASPAR2022_CORE_vertebrates_non-redundant_v2	MA0614.1	Foxj2	RTAAACAA	0	0	.	.	.	3.31e+00	5	0	8	678	3.66e-06	3.29e-05
SOX_monomer_motif_at_SOX2_peaks_within_co_bound_ENH.txt	NBYCWTTGTK	MEME-1	NBYCWTTGTK	JASPAR2022_CORE_vertebrates_non-redundant_v2	MA1948.1	ETV5::HOXA2	RVCGGAWGTMATTA	0	0	.	.	.	6.56e+00	9	6	7	161	2.86e-07	2.57e-06
SOX_monomer_motif_at_SOX2_peaks_within_co_bound_ENH.txt	NBYCWTTGTK	MEME-1	NBYCWTTGTK	JASPAR2022_CORE_vertebrates_non-redundant_v2	MA0850.1	FOXP3	RTAAACA	0	0	.	.	.	9.97e+00	3	0	12	1277	4.14e-07	3.72e-06

# SpaMo (Spaced Motif Analysis Tool): Version 5.5.5 compiled on Dec  6 2023 at 19:32:47
# The format of this file is described at https://meme-suite.org/meme/doc/spamo-output-format.html.
# spamo -verbosity 1 -oc . -numgen 1 -dumpseqs consensus_co_bound_gr_sox2_summits_ENH_250_extended.bed.fa SOX_monomer_motif_at_SOX2_peaks_within_co_bound_ENH.txt motif_db/MOUSE/uniprobe_mouse.meme motif_db/JASPAR/JASPAR2022_CORE_vertebrates_non-redundant_v2.meme motif_db/EUKARYOTE/jolma2013.meme
